"Campaign name","Ad set name","Ad name",Ads,Age,Gender,Objective,Day,Description,"Delivery status","Delivery level","Attribution setting","Result type",Results,Reach,Frequency,"Cost per result","Amount spent (INR)","Quality ranking","Engagement rate ranking","Conversion rate ranking",Impressions,"CPM (cost per 1,000 impressions)","Link clicks","CPC (cost per link click)","CTR (link click-through rate)","Clicks (all)","CTR (all)","CPC (all)","Adds to cart","Website adds to cart","Meta adds to cart","Cost per add to cart","Adds to cart conversion value","Website adds to cart conversion value",Purchases,"Website purchases","Shops-assisted purchases","Purchase ROAS (return on ad spend)","Website purchase ROAS (return on ad spend)","Purchases conversion value","Website purchases conversion value","Shops-assisted purchases conversion value","Cost per purchase",Views,Viewers,"Gross impressions (includes invalid impressions from non-human traffic)","Results rate per link clicks","Average purchases conversion value","Auto-refresh impressions","Purchases rate per link clicks","Purchases rate per landing page views","Landing page views rate per link clicks","Result value type","Results value","Result value type","Results ROAS","Unique link clicks","Unique CTR (link click-through rate)","Unique clicks (all)","Unique CTR (all)","Meta purchase conversion value","Reporting starts","Reporting ends",Objective,"Performance goal","Buying type",Starts,Ends,Bid,"Bid type","Ad ID","Ad name","Ad Set Budget","Ad Set Budget Type","Campaign Budget","Campaign Budget Type","Campaign ID","Ad set name","Ad set ID","Campaign name",Currency,Description,headline,"Website URL",call_to_action_type,"Image hash","Image name","URL parameters","Included custom audiences","Excluded custom audiences"
"secretswap - 4 angles test-21 June","broad 35+","Guilt Free desire -1","Guilt Free desire -1",45-54,female,OUTCOME_SALES,2026-06-23,"7-Day Guarantee.Rated 4.9/5 by 2847+ healthy home cooks.",active,ad,"7-day click, 1-day view, or 1-day engaged-view",,,1,1,,0.11480702,-,-,-,1,114.80701754,,,,0,0,,,,,,,,,,,,,,,,,,,,,,,,,,,,,,,,,,,2026-06-23,2026-06-23,Sales,Conversions,AUCTION,2026-06-21,Ongoing,,ABSOLUTE_OCPM,120247443752280335,"Guilt Free desire -1","Using campaign budget",,610,Daily,120247443752180335,"broad 35+",120247443752270335,"secretswap - 4 angles test-21 June",INR,"Join 2,847+ Indian families eating healthier. ","100+ Clinically Reviewed Low-GI Indian Recipes 📚",https://secretswaprecipe.vercel.app/,LEARN_MORE,dd0ed0dd6548a950596a056b6fc569b2,ad_creative_sweets_1781972854192.png_105_105,"guilt free",,
"secretswap - 4 angles test-21 June","broad 35+","Convenience & Family - 2","Convenience & Family - 2",45-54,male,OUTCOME_SALES,2026-06-23,"7-Day Guarantee.Rated 4.9/5 by 2847+ healthy home cooks.",active,ad,"7-day click, 1-day view, or 1-day engaged-view",,,2,1.5,,0.19121587,-,-,-,3,63.73862487,,,,0,0,,,,,,,,,,,,,,,,,,,,,,,,,,,,,,,,,,,2026-06-23,2026-06-23,Sales,Conversions,AUCTION,2026-06-21,Ongoing,,ABSOLUTE_OCPM,120247445893700335,"Convenience & Family - 2","Using campaign budget",,610,Daily,120247443752180335,"broad 35+",120247443752270335,"secretswap - 4 angles test-21 June",INR,"Join 2,847+ Indian families eating healthier. ","100+ Clinically Reviewed Low-GI Indian Recipes 📚",https://secretswaprecipe.vercel.app/,LEARN_MORE,d28c67a72599aed176d689522503b263,ad_creative_thali_1781972868839.png_105_105,convienience,,
"healthy D recipes","New Sales Ad Set",6,6,35-44,female,OUTCOME_SALES,2026-06-23,"Join 2,847+ Indian families eating healthier. 7-Day Guarantee.Rated 4.9/5 by 14,200+ healthy home cooks.Get 100+ Low-GI Indian Recipes at 80% OFF (Instant Download)",active,ad,"7-day click, 1-day view, or 1-day engaged-view",,,1,2,,0.56188235,-,-,-,2,280.94117647,,,,0,0,,,,,,,,,,,,,,,,,,,,,,,,,,,,,,,,,,,2026-06-23,2026-06-23,Sales,Conversions,AUCTION,2026-06-19,Ongoing,,ABSOLUTE_OCPM,120247278020580335,6,"Using campaign budget",,810,Daily,120247276897740335,"New Sales Ad Set",120247276897760335,"healthy D recipes",INR,"Join 2,847+ Indian families eating healthier. 7-Day Guarantee.Rated 4.9/5 by 14,200+ healthy home cooks.Get 100+ Low-GI Indian Recipes at 80% OFF (Instant Download)","100+ Clinically Reviewed Low-GI Indian Recipes 📚",https://diabitic-food-recipe.vercel.app/,LEARN_MORE,baffa04e41128188b6c99b8b59976bc9,ad_sweet_guiltfree_1781771893831_pro.jpg_105,1,,
"healthy D recipes","New Sales Ad Set",6,6,55-64,male,OUTCOME_SALES,2026-06-23,"Join 2,847+ Indian families eating healthier. 7-Day Guarantee.Rated 4.9/5 by 14,200+ healthy home cooks.Get 100+ Low-GI Indian Recipes at 80% OFF (Instant Download)",active,ad,"7-day click, 1-day view, or 1-day engaged-view",,,1,1,,0.18729412,-,-,-,1,187.29411765,,,,0,0,,,,,,,,,,,,,,,,,,,,,,,,,,,,,,,,,,,2026-06-23,2026-06-23,Sales,Conversions,AUCTION,2026-06-19,Ongoing,,ABSOLUTE_OCPM,120247278020580335,6,"Using campaign budget",,810,Daily,120247276897740335,"New Sales Ad Set",120247276897760335,"healthy D recipes",INR,"Join 2,847+ Indian families eating healthier. 7-Day Guarantee.Rated 4.9/5 by 14,200+ healthy home cooks.Get 100+ Low-GI Indian Recipes at 80% OFF (Instant Download)","100+ Clinically Reviewed Low-GI Indian Recipes 📚",https://diabitic-food-recipe.vercel.app/,LEARN_MORE,baffa04e41128188b6c99b8b59976bc9,ad_sweet_guiltfree_1781771893831_pro.jpg_105,1,,
"healthy D recipes","New Sales Ad Set",4,4,65+,female,OUTCOME_SALES,2026-06-23,"Join 2,847+ Indian families eating healthier. 7-Day Guarantee.Rated 4.9/5 by 14,200+ healthy home cooks.Get 100+ Low-GI Indian Recipes at 80% OFF (Instant Download)",active,ad,"7-day click, 1-day view, or 1-day engaged-view",,,1,1,,2.5238191,-,-,-,1,2523.81909548,,,,1,100,2.5238191,,,,,,,,,,,,,,,,,,,,,,,,,,,,,,,,,,2026-06-23,2026-06-23,Sales,Conversions,AUCTION,2026-06-19,Ongoing,,ABSOLUTE_OCPM,120247277679480335,4,"Using campaign budget",,810,Daily,120247276897740335,"New Sales Ad Set",120247276897760335,"healthy D recipes",INR,"Join 2,847+ Indian families eating healthier. 7-Day Guarantee.Rated 4.9/5 by 14,200+ healthy home cooks.Get 100+ Low-GI Indian Recipes at 80% OFF (Instant Download)","100+ Clinically Reviewed Low-GI Indian Recipes 📚",https://diabitic-food-recipe.vercel.app/,LEARN_MORE,3550162ac480cf934e2af8c073841097,ad_thali_premium_1781771853282_pro.jpg_105,1,,
"healthy D recipes","New Sales Ad Set",4,4,55-64,female,OUTCOME_SALES,2026-06-23,"Join 2,847+ Indian families eating healthier. 7-Day Guarantee.Rated 4.9/5 by 14,200+ healthy home cooks.Get 100+ Low-GI Indian Recipes at 80% OFF (Instant Download)",active,ad,"7-day click, 1-day view, or 1-day engaged-view",,,2,1.5,,2.37121608,-,-,-,3,790.40536013,,,,0,0,,,,,,,,,,,,,,,,,,,,,,,,,,,,,,,,,,,2026-06-23,2026-06-23,Sales,Conversions,AUCTION,2026-06-19,Ongoing,,ABSOLUTE_OCPM,120247277679480335,4,"Using campaign budget",,810,Daily,120247276897740335,"New Sales Ad Set",120247276897760335,"healthy D recipes",INR,"Join 2,847+ Indian families eating healthier. 7-Day Guarantee.Rated 4.9/5 by 14,200+ healthy home cooks.Get 100+ Low-GI Indian Recipes at 80% OFF (Instant Download)","100+ Clinically Reviewed Low-GI Indian Recipes 📚",https://diabitic-food-recipe.vercel.app/,LEARN_MORE,3550162ac480cf934e2af8c073841097,ad_thali_premium_1781771853282_pro.jpg_105,1,,
"healthy D recipes","New Sales Ad Set",8,8,55-64,female,OUTCOME_SALES,2026-06-23,"Join 2,847+ Indian families eating healthier. 7-Day Guarantee.Rated 4.9/5 by 14,200+ healthy home cooks.Get 100+ Low-GI Indian Recipes at 80% OFF (Instant Download)",active,ad,"7-day click, 1-day view, or 1-day engaged-view",,,1,2,,4.62425263,-,-,-,2,2312.12631579,,,,0,0,,,,,,,,,,,,,,,,,,,,,,,,,,,,,,,,,,,2026-06-23,2026-06-23,Sales,Conversions,AUCTION,2026-06-19,Ongoing,,ABSOLUTE_OCPM,120247278162920335,8,"Using campaign budget",,810,Daily,120247276897740335,"New Sales Ad Set",120247276897760335,"healthy D recipes",INR,"Join 2,847+ Indian families eating healthier. 7-Day Guarantee.Rated 4.9/5 by 14,200+ healthy home cooks.Get 100+ Low-GI Indian Recipes at 80% OFF (Instant Download)","100+ Clinically Reviewed Low-GI Indian Recipes 📚",https://diabitic-food-recipe.vercel.app/,LEARN_MORE,7fb56a66d26daf5f5319d432f85b0d3e,715465146_2147447319445005_4414003214102813962_n.jpg_105_105,1,,
"secretswap - 4 angles test-21 June","broad 35+","Convenience & Family - 2","Convenience & Family - 2",65+,male,OUTCOME_SALES,2026-06-23,"Get 100+ Low-GI Indian Recipes at 80% OFF (Instant Download)",active,ad,"7-day click, 1-day view, or 1-day engaged-view",,,1,1,,0.0509909,-,-,-,1,50.9908999,,,,0,0,,,,,,,,,,,,,,,,,,,,,,,,,,,,,,,,,,,2026-06-23,2026-06-23,Sales,Conversions,AUCTION,2026-06-21,Ongoing,,ABSOLUTE_OCPM,120247445893700335,"Convenience & Family - 2","Using campaign budget",,610,Daily,120247443752180335,"broad 35+",120247443752270335,"secretswap - 4 angles test-21 June",INR,"Join 2,847+ Indian families eating healthier. ","100+ Clinically Reviewed Low-GI Indian Recipes 📚",https://secretswaprecipe.vercel.app/,LEARN_MORE,d28c67a72599aed176d689522503b263,ad_creative_thali_1781972868839.png_105_105,convienience,,
"secretswap - 4 angles test-21 June","broad 35+","Convenience & Family - 2","Convenience & Family - 2",65+,male,OUTCOME_SALES,2026-06-23,"7-Day Guarantee.Rated 4.9/5 by 2847+ healthy home cooks.",active,ad,"7-day click, 1-day view, or 1-day engaged-view",,,3,1,,0.29319767,-,-,-,3,97.73255814,,,,0,0,,,,,,,,,,,,,,,,,,,,,,,,,,,,,,,,,,,2026-06-23,2026-06-23,Sales,Conversions,AUCTION,2026-06-21,Ongoing,,ABSOLUTE_OCPM,120247445893700335,"Convenience & Family - 2","Using campaign budget",,610,Daily,120247443752180335,"broad 35+",120247443752270335,"secretswap - 4 angles test-21 June",INR,"Join 2,847+ Indian families eating healthier. ","100+ Clinically Reviewed Low-GI Indian Recipes 📚",https://secretswaprecipe.vercel.app/,LEARN_MORE,d28c67a72599aed176d689522503b263,ad_creative_thali_1781972868839.png_105_105,convienience,,
"secretswap - 4 angles test-21 June","broad 35+","Convenience & Family - 2","Convenience & Family - 2",45-54,female,OUTCOME_SALES,2026-06-23,"7-Day Guarantee.Rated 4.9/5 by 2847+ healthy home cooks.",active,ad,"7-day click, 1-day view, or 1-day engaged-view",,,2,1.5,,1.28752022,-,-,-,3,429.17340748,,,,0,0,,,,,,,,,,,,,,,,,,,,,,,,,,,,,,,,,,,2026-06-23,2026-06-23,Sales,Conversions,AUCTION,2026-06-21,Ongoing,,ABSOLUTE_OCPM,120247445893700335,"Convenience & Family - 2","Using campaign budget",,610,Daily,120247443752180335,"broad 35+",120247443752270335,"secretswap - 4 angles test-21 June",INR,"Join 2,847+ Indian families eating healthier. ","100+ Clinically Reviewed Low-GI Indian Recipes 📚",https://secretswaprecipe.vercel.app/,LEARN_MORE,d28c67a72599aed176d689522503b263,ad_creative_thali_1781972868839.png_105_105,convienience,,
"healthy D recipes","New Sales Ad Set",6,6,65+,female,OUTCOME_SALES,2026-06-23,"Join 2,847+ Indian families eating healthier. 7-Day Guarantee.Rated 4.9/5 by 14,200+ healthy home cooks.Get 100+ Low-GI Indian Recipes at 80% OFF (Instant Download)",active,ad,"7-day click, 1-day view, or 1-day engaged-view",,,1,1,,0,-,-,-,1,0,,,,0,0,,,,,,,,,,,,,,,,,,,,,,,,,,,,,,,,,,,2026-06-23,2026-06-23,Sales,Conversions,AUCTION,2026-06-19,Ongoing,,ABSOLUTE_OCPM,120247278020580335,6,"Using campaign budget",,810,Daily,120247276897740335,"New Sales Ad Set",120247276897760335,"healthy D recipes",INR,"Join 2,847+ Indian families eating healthier. 7-Day Guarantee.Rated 4.9/5 by 14,200+ healthy home cooks.Get 100+ Low-GI Indian Recipes at 80% OFF (Instant Download)","100+ Clinically Reviewed Low-GI Indian Recipes 📚",https://diabitic-food-recipe.vercel.app/,LEARN_MORE,baffa04e41128188b6c99b8b59976bc9,ad_sweet_guiltfree_1781771893831_pro.jpg_105,1,,
"secretswap - 4 angles test-21 June","broad 35+","Convenience & Family - 2","Convenience & Family - 2",55-64,female,OUTCOME_SALES,2026-06-23,"7-Day Guarantee.Rated 4.9/5 by 2847+ healthy home cooks.",active,ad,"7-day click, 1-day view, or 1-day engaged-view",,,2,1.5,,0.1529727,-,-,-,3,50.9908999,,,,0,0,,,,,,,,,,,,,,,,,,,,,,,,,,,,,,,,,,,2026-06-23,2026-06-23,Sales,Conversions,AUCTION,2026-06-21,Ongoing,,ABSOLUTE_OCPM,120247445893700335,"Convenience & Family - 2","Using campaign budget",,610,Daily,120247443752180335,"broad 35+",120247443752270335,"secretswap - 4 angles test-21 June",INR,"Join 2,847+ Indian families eating healthier. ","100+ Clinically Reviewed Low-GI Indian Recipes 📚",https://secretswaprecipe.vercel.app/,LEARN_MORE,d28c67a72599aed176d689522503b263,ad_creative_thali_1781972868839.png_105_105,convienience,,
"secretswap - 4 angles test-21 June","broad 35+","Convenience & Family - 2","Convenience & Family - 2",65+,female,OUTCOME_SALES,2026-06-23,"7-Day Guarantee.Rated 4.9/5 by 2847+ healthy home cooks.",active,ad,"7-day click, 1-day view, or 1-day engaged-view",,,2,1.5,,3.64584934,-,-,-,3,1215.28311426,,,,0,0,,,,,,,,,,,,,,,,,,,,,,,,,,,,,,,,,,,2026-06-23,2026-06-23,Sales,Conversions,AUCTION,2026-06-21,Ongoing,,ABSOLUTE_OCPM,120247445893700335,"Convenience & Family - 2","Using campaign budget",,610,Daily,120247443752180335,"broad 35+",120247443752270335,"secretswap - 4 angles test-21 June",INR,"Join 2,847+ Indian families eating healthier. ","100+ Clinically Reviewed Low-GI Indian Recipes 📚",https://secretswaprecipe.vercel.app/,LEARN_MORE,d28c67a72599aed176d689522503b263,ad_creative_thali_1781972868839.png_105_105,convienience,,
"secretswap - 4 angles test-21 June","broad 35+","Convenience & Family - 2","Convenience & Family - 2",35-44,female,OUTCOME_SALES,2026-06-23,"7-Day Guarantee.Rated 4.9/5 by 2847+ healthy home cooks.",active,ad,"7-day click, 1-day view, or 1-day engaged-view",,,1,1,,0.2549545,-,-,-,1,254.95449949,,,,0,0,,,,,,,,,,,,,,,,,,,,,,,,,,,,,,,,,,,2026-06-23,2026-06-23,Sales,Conversions,AUCTION,2026-06-21,Ongoing,,ABSOLUTE_OCPM,120247445893700335,"Convenience & Family - 2","Using campaign budget",,610,Daily,120247443752180335,"broad 35+",120247443752270335,"secretswap - 4 angles test-21 June",INR,"Join 2,847+ Indian families eating healthier. ","100+ Clinically Reviewed Low-GI Indian Recipes 📚",https://secretswaprecipe.vercel.app/,LEARN_MORE,d28c67a72599aed176d689522503b263,ad_creative_thali_1781972868839.png_105_105,convienience,,
"secretswap - 4 angles test-21 June","broad 35+","Flavor Focus - 4","Flavor Focus - 4",45-54,male,OUTCOME_SALES,2026-06-23,"Join 2,847+ Indian families eating healthier. ",active,ad,"7-day click, 1-day view, or 1-day engaged-view",,,1,1,,2.65810526,-,-,-,1,2658.10526316,,,,0,0,,,,,,,,,,,,,,,,,,,,,,,,,,,,,,,,,,,2026-06-23,2026-06-23,Sales,Conversions,AUCTION,2026-06-21,Ongoing,,ABSOLUTE_OCPM,120247446284390335,"Flavor Focus - 4","Using campaign budget",,610,Daily,120247443752180335,"broad 35+",120247443752270335,"secretswap - 4 angles test-21 June",INR,"Join 2,847+ Indian families eating healthier. ","100+ Clinically Reviewed Low-GI Indian Recipes 📚",https://secretswaprecipe.vercel.app/,LEARN_MORE,42de942a5042d3e34c452b63760836a3,ad_creative_compliant_curry_1781973167022.png_105_105,flavor,,
"secretswap - 4 angles test-21 June","broad 35+","Flavor Focus - 4","Flavor Focus - 4",35-44,male,OUTCOME_SALES,2026-06-23,"Join 2,847+ Indian families eating healthier. ",active,ad,"7-day click, 1-day view, or 1-day engaged-view",,,1,1,,0.17389474,-,-,-,1,173.89473684,,,,0,0,,,,,,,,,,,,,,,,,,,,,,,,,,,,,,,,,,,2026-06-23,2026-06-23,Sales,Conversions,AUCTION,2026-06-21,Ongoing,,ABSOLUTE_OCPM,120247446284390335,"Flavor Focus - 4","Using campaign budget",,610,Daily,120247443752180335,"broad 35+",120247443752270335,"secretswap - 4 angles test-21 June",INR,"Join 2,847+ Indian families eating healthier. ","100+ Clinically Reviewed Low-GI Indian Recipes 📚",https://secretswaprecipe.vercel.app/,LEARN_MORE,42de942a5042d3e34c452b63760836a3,ad_creative_compliant_curry_1781973167022.png_105_105,flavor,,
"secretswap - 4 angles test-21 June","broad 35+","Flavor Focus - 4","Flavor Focus - 4",55-64,male,OUTCOME_SALES,2026-06-23,"Get 100+ Low-GI Indian Recipes at 80% OFF (Instant Download)",active,ad,"7-day click, 1-day view, or 1-day engaged-view",,,1,1,,0.24842105,-,-,-,1,248.42105263,,,,0,0,,,,,,,,,,,,,,,,,,,,,,,,,,,,,,,,,,,2026-06-23,2026-06-23,Sales,Conversions,AUCTION,2026-06-21,Ongoing,,ABSOLUTE_OCPM,120247446284390335,"Flavor Focus - 4","Using campaign budget",,610,Daily,120247443752180335,"broad 35+",120247443752270335,"secretswap - 4 angles test-21 June",INR,"Join 2,847+ Indian families eating healthier. ","100+ Clinically Reviewed Low-GI Indian Recipes 📚",https://secretswaprecipe.vercel.app/,LEARN_MORE,42de942a5042d3e34c452b63760836a3,ad_creative_compliant_curry_1781973167022.png_105_105,flavor,,
"secretswap - 4 angles test-21 June","broad 35+","Flavor Focus - 4","Flavor Focus - 4",65+,male,OUTCOME_SALES,2026-06-23,"Get 100+ Low-GI Indian Recipes at 80% OFF (Instant Download)",active,ad,"7-day click, 1-day view, or 1-day engaged-view",,,1,2,,1.56505263,-,-,-,2,782.52631579,,,,0,0,,,,,,,,,,,,,,,,,,,,,,,,,,,,,,,,,,,2026-06-23,2026-06-23,Sales,Conversions,AUCTION,2026-06-21,Ongoing,,ABSOLUTE_OCPM,120247446284390335,"Flavor Focus - 4","Using campaign budget",,610,Daily,120247443752180335,"broad 35+",120247443752270335,"secretswap - 4 angles test-21 June",INR,"Join 2,847+ Indian families eating healthier. ","100+ Clinically Reviewed Low-GI Indian Recipes 📚",https://secretswaprecipe.vercel.app/,LEARN_MORE,42de942a5042d3e34c452b63760836a3,ad_creative_compliant_curry_1781973167022.png_105_105,flavor,,
"secretswap - 4 angles test-21 June","broad 35+","Guilt Free desire -1","Guilt Free desire -1",65+,male,OUTCOME_SALES,2026-06-23,"7-Day Guarantee.Rated 4.9/5 by 2847+ healthy home cooks.",active,ad,"7-day click, 1-day view, or 1-day engaged-view",,,1,1,,7.42418713,-,-,-,1,7424.1871345,,,,0,0,,,,,,,,,,,,,,,,,,,,,,,,,,,,,,,,,,,2026-06-23,2026-06-23,Sales,Conversions,AUCTION,2026-06-21,Ongoing,,ABSOLUTE_OCPM,120247443752280335,"Guilt Free desire -1","Using campaign budget",,610,Daily,120247443752180335,"broad 35+",120247443752270335,"secretswap - 4 angles test-21 June",INR,"Join 2,847+ Indian families eating healthier. ","100+ Clinically Reviewed Low-GI Indian Recipes 📚",https://secretswaprecipe.vercel.app/,LEARN_MORE,dd0ed0dd6548a950596a056b6fc569b2,ad_creative_sweets_1781972854192.png_105_105,"guilt free",,
"secretswap - 4 angles test-21 June","broad 35+","Convenience & Family - 2","Convenience & Family - 2",55-64,male,OUTCOME_SALES,2026-06-23,"7-Day Guarantee.Rated 4.9/5 by 2847+ healthy home cooks.",active,ad,"7-day click, 1-day view, or 1-day engaged-view",,,1,1,,2.80449949,-,-,-,1,2804.49949444,,,,0,0,,,,,,,,,,,,,,,,,,,,,,,,,,,,,,,,,,,2026-06-23,2026-06-23,Sales,Conversions,AUCTION,2026-06-21,Ongoing,,ABSOLUTE_OCPM,120247445893700335,"Convenience & Family - 2","Using campaign budget",,610,Daily,120247443752180335,"broad 35+",120247443752270335,"secretswap - 4 angles test-21 June",INR,"Join 2,847+ Indian families eating healthier. ","100+ Clinically Reviewed Low-GI Indian Recipes 📚",https://secretswaprecipe.vercel.app/,LEARN_MORE,d28c67a72599aed176d689522503b263,ad_creative_thali_1781972868839.png_105_105,convienience,,
"secretswap - 4 angles test-21 June","broad 35+","Convenience & Family - 2","Convenience & Family - 2",55-64,female,OUTCOME_SALES,2026-06-22,"Join 2,847+ Indian families eating healthier. ",active,ad,"7-day click, 1-day view, or 1-day engaged-view",,,1,1,,0.2,-,-,-,1,200,,,,0,0,,,,,,,,,,,,,,,,,,,,,,,,,,,,,,,,,,,2026-06-22,2026-06-22,Sales,Conversions,AUCTION,2026-06-21,Ongoing,,ABSOLUTE_OCPM,120247445893700335,"Convenience & Family - 2","Using campaign budget",,610,Daily,120247443752180335,"broad 35+",120247443752270335,"secretswap - 4 angles test-21 June",INR,"Join 2,847+ Indian families eating healthier. ","100+ Clinically Reviewed Low-GI Indian Recipes 📚",https://secretswaprecipe.vercel.app/,LEARN_MORE,d28c67a72599aed176d689522503b263,ad_creative_thali_1781972868839.png_105_105,convienience,,
"healthy D recipes","New Sales Ad Set",8,8,55-64,female,OUTCOME_SALES,2026-06-22,"Join 2,847+ Indian families eating healthier. 7-Day Guarantee.Rated 4.9/5 by 14,200+ healthy home cooks.Get 100+ Low-GI Indian Recipes at 80% OFF (Instant Download)",active,ad,"7-day click, 1-day view, or 1-day engaged-view",,,1,1,,4.8,-,-,-,1,4800,,,,0,0,,,,,,,,,,,,,,,,,,,,,,,,,,,,,,,,,,,2026-06-22,2026-06-22,Sales,Conversions,AUCTION,2026-06-19,Ongoing,,ABSOLUTE_OCPM,120247278162920335,8,"Using campaign budget",,810,Daily,120247276897740335,"New Sales Ad Set",120247276897760335,"healthy D recipes",INR,"Join 2,847+ Indian families eating healthier. 7-Day Guarantee.Rated 4.9/5 by 14,200+ healthy home cooks.Get 100+ Low-GI Indian Recipes at 80% OFF (Instant Download)","100+ Clinically Reviewed Low-GI Indian Recipes 📚",https://diabitic-food-recipe.vercel.app/,LEARN_MORE,7fb56a66d26daf5f5319d432f85b0d3e,715465146_2147447319445005_4414003214102813962_n.jpg_105_105,1,,
"healthy D recipes","New Sales Ad Set",8,8,55-64,male,OUTCOME_SALES,2026-06-22,"Join 2,847+ Indian families eating healthier. 7-Day Guarantee.Rated 4.9/5 by 14,200+ healthy home cooks.Get 100+ Low-GI Indian Recipes at 80% OFF (Instant Download)",active,ad,"7-day click, 1-day view, or 1-day engaged-view",,,1,1,,0.04,-,-,-,1,40,,,,0,0,,,,,,,,,,,,,,,,,,,,,,,,,,,,,,,,,,,2026-06-22,2026-06-22,Sales,Conversions,AUCTION,2026-06-19,Ongoing,,ABSOLUTE_OCPM,120247278162920335,8,"Using campaign budget",,810,Daily,120247276897740335,"New Sales Ad Set",120247276897760335,"healthy D recipes",INR,"Join 2,847+ Indian families eating healthier. 7-Day Guarantee.Rated 4.9/5 by 14,200+ healthy home cooks.Get 100+ Low-GI Indian Recipes at 80% OFF (Instant Download)","100+ Clinically Reviewed Low-GI Indian Recipes 📚",https://diabitic-food-recipe.vercel.app/,LEARN_MORE,7fb56a66d26daf5f5319d432f85b0d3e,715465146_2147447319445005_4414003214102813962_n.jpg_105_105,1,,
"healthy D recipes","New Sales Ad Set",8,8,45-54,male,OUTCOME_SALES,2026-06-22,"Join 2,847+ Indian families eating healthier. 7-Day Guarantee.Rated 4.9/5 by 14,200+ healthy home cooks.Get 100+ Low-GI Indian Recipes at 80% OFF (Instant Download)",active,ad,"7-day click, 1-day view, or 1-day engaged-view",,,2,1,,1.49,-,-,-,2,745,,,,0,0,,,,,,,,,,,,,,,,,,,,,,,,,,,,,,,,,,,2026-06-22,2026-06-22,Sales,Conversions,AUCTION,2026-06-19,Ongoing,,ABSOLUTE_OCPM,120247278162920335,8,"Using campaign budget",,810,Daily,120247276897740335,"New Sales Ad Set",120247276897760335,"healthy D recipes",INR,"Join 2,847+ Indian families eating healthier. 7-Day Guarantee.Rated 4.9/5 by 14,200+ healthy home cooks.Get 100+ Low-GI Indian Recipes at 80% OFF (Instant Download)","100+ Clinically Reviewed Low-GI Indian Recipes 📚",https://diabitic-food-recipe.vercel.app/,LEARN_MORE,7fb56a66d26daf5f5319d432f85b0d3e,715465146_2147447319445005_4414003214102813962_n.jpg_105_105,1,,
"healthy D recipes","New Sales Ad Set",8,8,65+,male,OUTCOME_SALES,2026-06-22,"Join 2,847+ Indian families eating healthier. 7-Day Guarantee.Rated 4.9/5 by 14,200+ healthy home cooks.Get 100+ Low-GI Indian Recipes at 80% OFF (Instant Download)",active,ad,"7-day click, 1-day view, or 1-day engaged-view",,,1,1,,0.34,-,-,-,1,340,,,,0,0,,,,,,,,,,,,,,,,,,,,,,,,,,,,,,,,,,,2026-06-22,2026-06-22,Sales,Conversions,AUCTION,2026-06-19,Ongoing,,ABSOLUTE_OCPM,120247278162920335,8,"Using campaign budget",,810,Daily,120247276897740335,"New Sales Ad Set",120247276897760335,"healthy D recipes",INR,"Join 2,847+ Indian families eating healthier. 7-Day Guarantee.Rated 4.9/5 by 14,200+ healthy home cooks.Get 100+ Low-GI Indian Recipes at 80% OFF (Instant Download)","100+ Clinically Reviewed Low-GI Indian Recipes 📚",https://diabitic-food-recipe.vercel.app/,LEARN_MORE,7fb56a66d26daf5f5319d432f85b0d3e,715465146_2147447319445005_4414003214102813962_n.jpg_105_105,1,,
"healthy D recipes","New Sales Ad Set",8,8,35-44,male,OUTCOME_SALES,2026-06-22,"Join 2,847+ Indian families eating healthier. 7-Day Guarantee.Rated 4.9/5 by 14,200+ healthy home cooks.Get 100+ Low-GI Indian Recipes at 80% OFF (Instant Download)",active,ad,"7-day click, 1-day view, or 1-day engaged-view",,,1,1,,2.18,-,-,-,1,2180,,,,0,0,,,,,,,,,,,,,,,,,,,,,,,,,,,,,,,,,,,2026-06-22,2026-06-22,Sales,Conversions,AUCTION,2026-06-19,Ongoing,,ABSOLUTE_OCPM,120247278162920335,8,"Using campaign budget",,810,Daily,120247276897740335,"New Sales Ad Set",120247276897760335,"healthy D recipes",INR,"Join 2,847+ Indian families eating healthier. 7-Day Guarantee.Rated 4.9/5 by 14,200+ healthy home cooks.Get 100+ Low-GI Indian Recipes at 80% OFF (Instant Download)","100+ Clinically Reviewed Low-GI Indian Recipes 📚",https://diabitic-food-recipe.vercel.app/,LEARN_MORE,7fb56a66d26daf5f5319d432f85b0d3e,715465146_2147447319445005_4414003214102813962_n.jpg_105_105,1,,
"healthy D recipes","New Sales Ad Set",8,8,25-34,male,OUTCOME_SALES,2026-06-22,"Join 2,847+ Indian families eating healthier. 7-Day Guarantee.Rated 4.9/5 by 14,200+ healthy home cooks.Get 100+ Low-GI Indian Recipes at 80% OFF (Instant Download)",active,ad,"7-day click, 1-day view, or 1-day engaged-view",,,1,1,,0,-,-,-,1,0,,,,0,0,,,,,,,,,,,,,,,,,,,,,,,,,,,,,,,,,,,2026-06-22,2026-06-22,Sales,Conversions,AUCTION,2026-06-19,Ongoing,,ABSOLUTE_OCPM,120247278162920335,8,"Using campaign budget",,810,Daily,120247276897740335,"New Sales Ad Set",120247276897760335,"healthy D recipes",INR,"Join 2,847+ Indian families eating healthier. 7-Day Guarantee.Rated 4.9/5 by 14,200+ healthy home cooks.Get 100+ Low-GI Indian Recipes at 80% OFF (Instant Download)","100+ Clinically Reviewed Low-GI Indian Recipes 📚",https://diabitic-food-recipe.vercel.app/,LEARN_MORE,7fb56a66d26daf5f5319d432f85b0d3e,715465146_2147447319445005_4414003214102813962_n.jpg_105_105,1,,
"secretswap - 4 angles test-21 June","broad 35+","Convenience & Family - 2","Convenience & Family - 2",65+,male,OUTCOME_SALES,2026-06-22,"Get 100+ Low-GI Indian Recipes at 80% OFF (Instant Download)",active,ad,"7-day click, 1-day view, or 1-day engaged-view",,,1,1,,1.39,-,-,-,1,1390,,,,0,0,,,,,,,,,,,,,,,,,,,,,,,,,,,,,,,,,,,2026-06-22,2026-06-22,Sales,Conversions,AUCTION,2026-06-21,Ongoing,,ABSOLUTE_OCPM,120247445893700335,"Convenience & Family - 2","Using campaign budget",,610,Daily,120247443752180335,"broad 35+",120247443752270335,"secretswap - 4 angles test-21 June",INR,"Join 2,847+ Indian families eating healthier. ","100+ Clinically Reviewed Low-GI Indian Recipes 📚",https://secretswaprecipe.vercel.app/,LEARN_MORE,d28c67a72599aed176d689522503b263,ad_creative_thali_1781972868839.png_105_105,convienience,,
"secretswap - 4 angles test-21 June","broad 35+","Convenience & Family - 2","Convenience & Family - 2",45-54,female,OUTCOME_SALES,2026-06-22,"Join 2,847+ Indian families eating healthier. ",active,ad,"7-day click, 1-day view, or 1-day engaged-view",,,1,1,,0.11,-,-,-,1,110,,,,0,0,,,,,,,,,,,,,,,,,,,,,,,,,,,,,,,,,,,2026-06-22,2026-06-22,Sales,Conversions,AUCTION,2026-06-21,Ongoing,,ABSOLUTE_OCPM,120247445893700335,"Convenience & Family - 2","Using campaign budget",,610,Daily,120247443752180335,"broad 35+",120247443752270335,"secretswap - 4 angles test-21 June",INR,"Join 2,847+ Indian families eating healthier. ","100+ Clinically Reviewed Low-GI Indian Recipes 📚",https://secretswaprecipe.vercel.app/,LEARN_MORE,d28c67a72599aed176d689522503b263,ad_creative_thali_1781972868839.png_105_105,convienience,,
"secretswap - 4 angles test-21 June","broad 35+","Convenience & Family - 2","Convenience & Family - 2",65+,female,OUTCOME_SALES,2026-06-22,"Join 2,847+ Indian families eating healthier. ",active,ad,"7-day click, 1-day view, or 1-day engaged-view",,,1,1,,0.6,-,-,-,1,600,,,,0,0,,,,,,,,,,,,,,,,,,,,,,,,,,,,,,,,,,,2026-06-22,2026-06-22,Sales,Conversions,AUCTION,2026-06-21,Ongoing,,ABSOLUTE_OCPM,120247445893700335,"Convenience & Family - 2","Using campaign budget",,610,Daily,120247443752180335,"broad 35+",120247443752270335,"secretswap - 4 angles test-21 June",INR,"Join 2,847+ Indian families eating healthier. ","100+ Clinically Reviewed Low-GI Indian Recipes 📚",https://secretswaprecipe.vercel.app/,LEARN_MORE,d28c67a72599aed176d689522503b263,ad_creative_thali_1781972868839.png_105_105,convienience,,
"secretswap - 4 angles test-21 June","broad 35+","Convenience & Family - 2","Convenience & Family - 2",55-64,unknown,OUTCOME_SALES,2026-06-22,"Get 100+ Low-GI Indian Recipes at 80% OFF (Instant Download)",active,ad,"7-day click, 1-day view, or 1-day engaged-view",,,1,1,,0.02,-,-,-,1,20,,,,0,0,,,,,,,,,,,,,,,,,,,,,,,,,,,,,,,,,,,2026-06-22,2026-06-22,Sales,Conversions,AUCTION,2026-06-21,Ongoing,,ABSOLUTE_OCPM,120247445893700335,"Convenience & Family - 2","Using campaign budget",,610,Daily,120247443752180335,"broad 35+",120247443752270335,"secretswap - 4 angles test-21 June",INR,"Join 2,847+ Indian families eating healthier. ","100+ Clinically Reviewed Low-GI Indian Recipes 📚",https://secretswaprecipe.vercel.app/,LEARN_MORE,d28c67a72599aed176d689522503b263,ad_creative_thali_1781972868839.png_105_105,convienience,,
"secretswap - 4 angles test-21 June","broad 35+","Convenience & Family - 2","Convenience & Family - 2",55-64,male,OUTCOME_SALES,2026-06-22,"Get 100+ Low-GI Indian Recipes at 80% OFF (Instant Download)",active,ad,"7-day click, 1-day view, or 1-day engaged-view",,,1,1,,0.1,-,-,-,1,100,,,,0,0,,,,,,,,,,,,,,,,,,,,,,,,,,,,,,,,,,,2026-06-22,2026-06-22,Sales,Conversions,AUCTION,2026-06-21,Ongoing,,ABSOLUTE_OCPM,120247445893700335,"Convenience & Family - 2","Using campaign budget",,610,Daily,120247443752180335,"broad 35+",120247443752270335,"secretswap - 4 angles test-21 June",INR,"Join 2,847+ Indian families eating healthier. ","100+ Clinically Reviewed Low-GI Indian Recipes 📚",https://secretswaprecipe.vercel.app/,LEARN_MORE,d28c67a72599aed176d689522503b263,ad_creative_thali_1781972868839.png_105_105,convienience,,
"secretswap - 4 angles test-21 June","broad 35+","Convenience & Family - 2","Convenience & Family - 2",45-54,male,OUTCOME_SALES,2026-06-22,"7-Day Guarantee.Rated 4.9/5 by 2847+ healthy home cooks.",active,ad,"7-day click, 1-day view, or 1-day engaged-view",,,5,1,,1.89,-,-,-,5,378,,,,0,0,,,,,,,,,,,,,,,,,,,,,,,,,,,,,,,,,,,2026-06-22,2026-06-22,Sales,Conversions,AUCTION,2026-06-21,Ongoing,,ABSOLUTE_OCPM,120247445893700335,"Convenience & Family - 2","Using campaign budget",,610,Daily,120247443752180335,"broad 35+",120247443752270335,"secretswap - 4 angles test-21 June",INR,"Join 2,847+ Indian families eating healthier. ","100+ Clinically Reviewed Low-GI Indian Recipes 📚",https://secretswaprecipe.vercel.app/,LEARN_MORE,d28c67a72599aed176d689522503b263,ad_creative_thali_1781972868839.png_105_105,convienience,,
"secretswap - 4 angles test-21 June","broad 35+","Convenience & Family - 2","Convenience & Family - 2",65+,male,OUTCOME_SALES,2026-06-22,"7-Day Guarantee.Rated 4.9/5 by 2847+ healthy home cooks.",active,ad,"7-day click, 1-day view, or 1-day engaged-view",,,11,1,,9.93,-,-,-,11,902.72727273,,,,0,0,,,,,,,,,,,,,,,,,,,,,,,,,,,,,,,,,,,2026-06-22,2026-06-22,Sales,Conversions,AUCTION,2026-06-21,Ongoing,,ABSOLUTE_OCPM,120247445893700335,"Convenience & Family - 2","Using campaign budget",,610,Daily,120247443752180335,"broad 35+",120247443752270335,"secretswap - 4 angles test-21 June",INR,"Join 2,847+ Indian families eating healthier. ","100+ Clinically Reviewed Low-GI Indian Recipes 📚",https://secretswaprecipe.vercel.app/,LEARN_MORE,d28c67a72599aed176d689522503b263,ad_creative_thali_1781972868839.png_105_105,convienience,,
"healthy D recipes","New Sales Ad Set",4,4,35-44,female,OUTCOME_SALES,2026-06-22,"Join 2,847+ Indian families eating healthier. 7-Day Guarantee.Rated 4.9/5 by 14,200+ healthy home cooks.Get 100+ Low-GI Indian Recipes at 80% OFF (Instant Download)",active,ad,"7-day click, 1-day view, or 1-day engaged-view",,,8,1.25,,19.92,-,-,-,10,1992,1,19.92,10,1,10,19.92,,,,,,,,,,,,,,,,,,,,,,,,,,,,,,,,,,2026-06-22,2026-06-22,Sales,Conversions,AUCTION,2026-06-19,Ongoing,,ABSOLUTE_OCPM,120247277679480335,4,"Using campaign budget",,810,Daily,120247276897740335,"New Sales Ad Set",120247276897760335,"healthy D recipes",INR,"Join 2,847+ Indian families eating healthier. 7-Day Guarantee.Rated 4.9/5 by 14,200+ healthy home cooks.Get 100+ Low-GI Indian Recipes at 80% OFF (Instant Download)","100+ Clinically Reviewed Low-GI Indian Recipes 📚",https://diabitic-food-recipe.vercel.app/,LEARN_MORE,3550162ac480cf934e2af8c073841097,ad_thali_premium_1781771853282_pro.jpg_105,1,,
"healthy D recipes","New Sales Ad Set",4,4,25-34,male,OUTCOME_SALES,2026-06-22,"Join 2,847+ Indian families eating healthier. 7-Day Guarantee.Rated 4.9/5 by 14,200+ healthy home cooks.Get 100+ Low-GI Indian Recipes at 80% OFF (Instant Download)",active,ad,"7-day click, 1-day view, or 1-day engaged-view",,,2,1,,0.19,-,-,-,2,95,1,0.19,50,1,50,0.19,,,,,,,,,,,,,,,,,,,,,,,,,,,,,,,,,,2026-06-22,2026-06-22,Sales,Conversions,AUCTION,2026-06-19,Ongoing,,ABSOLUTE_OCPM,120247277679480335,4,"Using campaign budget",,810,Daily,120247276897740335,"New Sales Ad Set",120247276897760335,"healthy D recipes",INR,"Join 2,847+ Indian families eating healthier. 7-Day Guarantee.Rated 4.9/5 by 14,200+ healthy home cooks.Get 100+ Low-GI Indian Recipes at 80% OFF (Instant Download)","100+ Clinically Reviewed Low-GI Indian Recipes 📚",https://diabitic-food-recipe.vercel.app/,LEARN_MORE,3550162ac480cf934e2af8c073841097,ad_thali_premium_1781771853282_pro.jpg_105,1,,
"healthy D recipes","New Sales Ad Set",6,6,35-44,female,OUTCOME_SALES,2026-06-22,"Join 2,847+ Indian families eating healthier. 7-Day Guarantee.Rated 4.9/5 by 14,200+ healthy home cooks.Get 100+ Low-GI Indian Recipes at 80% OFF (Instant Download)",active,ad,"7-day click, 1-day view, or 1-day engaged-view",,,1,1,,1.9,-,-,-,1,1900,1,1.9,100,1,100,1.9,,,,,,,,,,,,,,,,,,,,,,,,,,,,,,,,,,2026-06-22,2026-06-22,Sales,Conversions,AUCTION,2026-06-19,Ongoing,,ABSOLUTE_OCPM,120247278020580335,6,"Using campaign budget",,810,Daily,120247276897740335,"New Sales Ad Set",120247276897760335,"healthy D recipes",INR,"Join 2,847+ Indian families eating healthier. 7-Day Guarantee.Rated 4.9/5 by 14,200+ healthy home cooks.Get 100+ Low-GI Indian Recipes at 80% OFF (Instant Download)","100+ Clinically Reviewed Low-GI Indian Recipes 📚",https://diabitic-food-recipe.vercel.app/,LEARN_MORE,baffa04e41128188b6c99b8b59976bc9,ad_sweet_guiltfree_1781771893831_pro.jpg_105,1,,
"healthy D recipes","New Sales Ad Set",4,4,45-54,female,OUTCOME_SALES,2026-06-22,"Join 2,847+ Indian families eating healthier. 7-Day Guarantee.Rated 4.9/5 by 14,200+ healthy home cooks.Get 100+ Low-GI Indian Recipes at 80% OFF (Instant Download)",active,ad,"7-day click, 1-day view, or 1-day engaged-view",,,11,1.18181818,,11.56,-,-,-,13,889.23076923,1,11.56,7.69230769,1,7.69230769,11.56,,,,,,,,,,,,,,,,,,,,,,,,,,,,,,,,,,2026-06-22,2026-06-22,Sales,Conversions,AUCTION,2026-06-19,Ongoing,,ABSOLUTE_OCPM,120247277679480335,4,"Using campaign budget",,810,Daily,120247276897740335,"New Sales Ad Set",120247276897760335,"healthy D recipes",INR,"Join 2,847+ Indian families eating healthier. 7-Day Guarantee.Rated 4.9/5 by 14,200+ healthy home cooks.Get 100+ Low-GI Indian Recipes at 80% OFF (Instant Download)","100+ Clinically Reviewed Low-GI Indian Recipes 📚",https://diabitic-food-recipe.vercel.app/,LEARN_MORE,3550162ac480cf934e2af8c073841097,ad_thali_premium_1781771853282_pro.jpg_105,1,,
"secretswap - 4 angles test-21 June","broad 35+","Convenience & Family - 2","Convenience & Family - 2",65+,female,OUTCOME_SALES,2026-06-22,"7-Day Guarantee.Rated 4.9/5 by 2847+ healthy home cooks.",active,ad,"7-day click, 1-day view, or 1-day engaged-view",,,8,1,,3.78,-,-,-,8,472.5,,,,0,0,,,,,,,,,,,,,,,,,,,,,,,,,,,,,,,,,,,2026-06-22,2026-06-22,Sales,Conversions,AUCTION,2026-06-21,Ongoing,,ABSOLUTE_OCPM,120247445893700335,"Convenience & Family - 2","Using campaign budget",,610,Daily,120247443752180335,"broad 35+",120247443752270335,"secretswap - 4 angles test-21 June",INR,"Join 2,847+ Indian families eating healthier. ","100+ Clinically Reviewed Low-GI Indian Recipes 📚",https://secretswaprecipe.vercel.app/,LEARN_MORE,d28c67a72599aed176d689522503b263,ad_creative_thali_1781972868839.png_105_105,convienience,,
"healthy D recipes","New Sales Ad Set",6,6,25-34,male,OUTCOME_SALES,2026-06-22,"Join 2,847+ Indian families eating healthier. 7-Day Guarantee.Rated 4.9/5 by 14,200+ healthy home cooks.Get 100+ Low-GI Indian Recipes at 80% OFF (Instant Download)",active,ad,"7-day click, 1-day view, or 1-day engaged-view",,,1,1,,1.1,-,-,-,1,1100,,,,0,0,,,,,,,,,,,,,,,,,,,,,,,,,,,,,,,,,,,2026-06-22,2026-06-22,Sales,Conversions,AUCTION,2026-06-19,Ongoing,,ABSOLUTE_OCPM,120247278020580335,6,"Using campaign budget",,810,Daily,120247276897740335,"New Sales Ad Set",120247276897760335,"healthy D recipes",INR,"Join 2,847+ Indian families eating healthier. 7-Day Guarantee.Rated 4.9/5 by 14,200+ healthy home cooks.Get 100+ Low-GI Indian Recipes at 80% OFF (Instant Download)","100+ Clinically Reviewed Low-GI Indian Recipes 📚",https://diabitic-food-recipe.vercel.app/,LEARN_MORE,baffa04e41128188b6c99b8b59976bc9,ad_sweet_guiltfree_1781771893831_pro.jpg_105,1,,
"healthy D recipes","New Sales Ad Set",6,6,55-64,female,OUTCOME_SALES,2026-06-22,"Join 2,847+ Indian families eating healthier. 7-Day Guarantee.Rated 4.9/5 by 14,200+ healthy home cooks.Get 100+ Low-GI Indian Recipes at 80% OFF (Instant Download)",active,ad,"7-day click, 1-day view, or 1-day engaged-view",,,3,1,,5.93,-,-,-,3,1976.66666667,,,,0,0,,,,,,,,,,,,,,,,,,,,,,,,,,,,,,,,,,,2026-06-22,2026-06-22,Sales,Conversions,AUCTION,2026-06-19,Ongoing,,ABSOLUTE_OCPM,120247278020580335,6,"Using campaign budget",,810,Daily,120247276897740335,"New Sales Ad Set",120247276897760335,"healthy D recipes",INR,"Join 2,847+ Indian families eating healthier. 7-Day Guarantee.Rated 4.9/5 by 14,200+ healthy home cooks.Get 100+ Low-GI Indian Recipes at 80% OFF (Instant Download)","100+ Clinically Reviewed Low-GI Indian Recipes 📚",https://diabitic-food-recipe.vercel.app/,LEARN_MORE,baffa04e41128188b6c99b8b59976bc9,ad_sweet_guiltfree_1781771893831_pro.jpg_105,1,,
"healthy D recipes","New Sales Ad Set",6,6,45-54,female,OUTCOME_SALES,2026-06-22,"Join 2,847+ Indian families eating healthier. 7-Day Guarantee.Rated 4.9/5 by 14,200+ healthy home cooks.Get 100+ Low-GI Indian Recipes at 80% OFF (Instant Download)",active,ad,"7-day click, 1-day view, or 1-day engaged-view",,,2,1,,0.13,-,-,-,2,65,,,,0,0,,,,,,,,,,,,,,,,,,,,,,,,,,,,,,,,,,,2026-06-22,2026-06-22,Sales,Conversions,AUCTION,2026-06-19,Ongoing,,ABSOLUTE_OCPM,120247278020580335,6,"Using campaign budget",,810,Daily,120247276897740335,"New Sales Ad Set",120247276897760335,"healthy D recipes",INR,"Join 2,847+ Indian families eating healthier. 7-Day Guarantee.Rated 4.9/5 by 14,200+ healthy home cooks.Get 100+ Low-GI Indian Recipes at 80% OFF (Instant Download)","100+ Clinically Reviewed Low-GI Indian Recipes 📚",https://diabitic-food-recipe.vercel.app/,LEARN_MORE,baffa04e41128188b6c99b8b59976bc9,ad_sweet_guiltfree_1781771893831_pro.jpg_105,1,,
"healthy D recipes","New Sales Ad Set",6,6,35-44,male,OUTCOME_SALES,2026-06-22,"Join 2,847+ Indian families eating healthier. 7-Day Guarantee.Rated 4.9/5 by 14,200+ healthy home cooks.Get 100+ Low-GI Indian Recipes at 80% OFF (Instant Download)",active,ad,"7-day click, 1-day view, or 1-day engaged-view",,,1,1,,0.51,-,-,-,1,510,,,,0,0,,,,,,,,,,,,,,,,,,,,,,,,,,,,,,,,,,,2026-06-22,2026-06-22,Sales,Conversions,AUCTION,2026-06-19,Ongoing,,ABSOLUTE_OCPM,120247278020580335,6,"Using campaign budget",,810,Daily,120247276897740335,"New Sales Ad Set",120247276897760335,"healthy D recipes",INR,"Join 2,847+ Indian families eating healthier. 7-Day Guarantee.Rated 4.9/5 by 14,200+ healthy home cooks.Get 100+ Low-GI Indian Recipes at 80% OFF (Instant Download)","100+ Clinically Reviewed Low-GI Indian Recipes 📚",https://diabitic-food-recipe.vercel.app/,LEARN_MORE,baffa04e41128188b6c99b8b59976bc9,ad_sweet_guiltfree_1781771893831_pro.jpg_105,1,,
"healthy D recipes","New Sales Ad Set",6,6,55-64,male,OUTCOME_SALES,2026-06-22,"Join 2,847+ Indian families eating healthier. 7-Day Guarantee.Rated 4.9/5 by 14,200+ healthy home cooks.Get 100+ Low-GI Indian Recipes at 80% OFF (Instant Download)",active,ad,"7-day click, 1-day view, or 1-day engaged-view",,,2,1,,0.18,-,-,-,2,90,,,,0,0,,,,,,,,,,,,,,,,,,,,,,,,,,,,,,,,,,,2026-06-22,2026-06-22,Sales,Conversions,AUCTION,2026-06-19,Ongoing,,ABSOLUTE_OCPM,120247278020580335,6,"Using campaign budget",,810,Daily,120247276897740335,"New Sales Ad Set",120247276897760335,"healthy D recipes",INR,"Join 2,847+ Indian families eating healthier. 7-Day Guarantee.Rated 4.9/5 by 14,200+ healthy home cooks.Get 100+ Low-GI Indian Recipes at 80% OFF (Instant Download)","100+ Clinically Reviewed Low-GI Indian Recipes 📚",https://diabitic-food-recipe.vercel.app/,LEARN_MORE,baffa04e41128188b6c99b8b59976bc9,ad_sweet_guiltfree_1781771893831_pro.jpg_105,1,,
"healthy D recipes","New Sales Ad Set",6,6,65+,female,OUTCOME_SALES,2026-06-22,"Join 2,847+ Indian families eating healthier. 7-Day Guarantee.Rated 4.9/5 by 14,200+ healthy home cooks.Get 100+ Low-GI Indian Recipes at 80% OFF (Instant Download)",active,ad,"7-day click, 1-day view, or 1-day engaged-view",,,1,1,,0.14,-,-,-,1,140,,,,0,0,,,,,,,,,,,,,,,,,,,,,,,,,,,,,,,,,,,2026-06-22,2026-06-22,Sales,Conversions,AUCTION,2026-06-19,Ongoing,,ABSOLUTE_OCPM,120247278020580335,6,"Using campaign budget",,810,Daily,120247276897740335,"New Sales Ad Set",120247276897760335,"healthy D recipes",INR,"Join 2,847+ Indian families eating healthier. 7-Day Guarantee.Rated 4.9/5 by 14,200+ healthy home cooks.Get 100+ Low-GI Indian Recipes at 80% OFF (Instant Download)","100+ Clinically Reviewed Low-GI Indian Recipes 📚",https://diabitic-food-recipe.vercel.app/,LEARN_MORE,baffa04e41128188b6c99b8b59976bc9,ad_sweet_guiltfree_1781771893831_pro.jpg_105,1,,
"healthy D recipes","New Sales Ad Set",4,4,65+,female,OUTCOME_SALES,2026-06-22,"Join 2,847+ Indian families eating healthier. 7-Day Guarantee.Rated 4.9/5 by 14,200+ healthy home cooks.Get 100+ Low-GI Indian Recipes at 80% OFF (Instant Download)",active,ad,"7-day click, 1-day view, or 1-day engaged-view",,,2,1,,1.32,-,-,-,2,660,,,,0,0,,,,,,,,,,,,,,,,,,,,,,,,,,,,,,,,,,,2026-06-22,2026-06-22,Sales,Conversions,AUCTION,2026-06-19,Ongoing,,ABSOLUTE_OCPM,120247277679480335,4,"Using campaign budget",,810,Daily,120247276897740335,"New Sales Ad Set",120247276897760335,"healthy D recipes",INR,"Join 2,847+ Indian families eating healthier. 7-Day Guarantee.Rated 4.9/5 by 14,200+ healthy home cooks.Get 100+ Low-GI Indian Recipes at 80% OFF (Instant Download)","100+ Clinically Reviewed Low-GI Indian Recipes 📚",https://diabitic-food-recipe.vercel.app/,LEARN_MORE,3550162ac480cf934e2af8c073841097,ad_thali_premium_1781771853282_pro.jpg_105,1,,
"healthy D recipes","New Sales Ad Set",4,4,55-64,male,OUTCOME_SALES,2026-06-22,"Join 2,847+ Indian families eating healthier. 7-Day Guarantee.Rated 4.9/5 by 14,200+ healthy home cooks.Get 100+ Low-GI Indian Recipes at 80% OFF (Instant Download)",active,ad,"7-day click, 1-day view, or 1-day engaged-view",,,10,1.1,,5.33,-,-,-,11,484.54545455,1,5.33,9.09090909,1,9.09090909,5.33,,,,,,,,,,,,,,,,,,,,,,,,,,,,,,,,,,2026-06-22,2026-06-22,Sales,Conversions,AUCTION,2026-06-19,Ongoing,,ABSOLUTE_OCPM,120247277679480335,4,"Using campaign budget",,810,Daily,120247276897740335,"New Sales Ad Set",120247276897760335,"healthy D recipes",INR,"Join 2,847+ Indian families eating healthier. 7-Day Guarantee.Rated 4.9/5 by 14,200+ healthy home cooks.Get 100+ Low-GI Indian Recipes at 80% OFF (Instant Download)","100+ Clinically Reviewed Low-GI Indian Recipes 📚",https://diabitic-food-recipe.vercel.app/,LEARN_MORE,3550162ac480cf934e2af8c073841097,ad_thali_premium_1781771853282_pro.jpg_105,1,,
"healthy D recipes","New Sales Ad Set",4,4,25-34,female,OUTCOME_SALES,2026-06-22,"Join 2,847+ Indian families eating healthier. 7-Day Guarantee.Rated 4.9/5 by 14,200+ healthy home cooks.Get 100+ Low-GI Indian Recipes at 80% OFF (Instant Download)",active,ad,"7-day click, 1-day view, or 1-day engaged-view",,,6,1,,1.23,-,-,-,6,205,,,,0,0,,,,,,,,,,,,,,,,,,,,,,,,,,,,,,,,,,,2026-06-22,2026-06-22,Sales,Conversions,AUCTION,2026-06-19,Ongoing,,ABSOLUTE_OCPM,120247277679480335,4,"Using campaign budget",,810,Daily,120247276897740335,"New Sales Ad Set",120247276897760335,"healthy D recipes",INR,"Join 2,847+ Indian families eating healthier. 7-Day Guarantee.Rated 4.9/5 by 14,200+ healthy home cooks.Get 100+ Low-GI Indian Recipes at 80% OFF (Instant Download)","100+ Clinically Reviewed Low-GI Indian Recipes 📚",https://diabitic-food-recipe.vercel.app/,LEARN_MORE,3550162ac480cf934e2af8c073841097,ad_thali_premium_1781771853282_pro.jpg_105,1,,
"healthy D recipes","New Sales Ad Set",4,4,35-44,male,OUTCOME_SALES,2026-06-22,"Join 2,847+ Indian families eating healthier. 7-Day Guarantee.Rated 4.9/5 by 14,200+ healthy home cooks.Get 100+ Low-GI Indian Recipes at 80% OFF (Instant Download)",active,ad,"7-day click, 1-day view, or 1-day engaged-view",,,5,1.2,,3,-,-,-,6,500,,,,0,0,,,,,,,,,,,,,,,,,,,,,,,,,,,,,,,,,,,2026-06-22,2026-06-22,Sales,Conversions,AUCTION,2026-06-19,Ongoing,,ABSOLUTE_OCPM,120247277679480335,4,"Using campaign budget",,810,Daily,120247276897740335,"New Sales Ad Set",120247276897760335,"healthy D recipes",INR,"Join 2,847+ Indian families eating healthier. 7-Day Guarantee.Rated 4.9/5 by 14,200+ healthy home cooks.Get 100+ Low-GI Indian Recipes at 80% OFF (Instant Download)","100+ Clinically Reviewed Low-GI Indian Recipes 📚",https://diabitic-food-recipe.vercel.app/,LEARN_MORE,3550162ac480cf934e2af8c073841097,ad_thali_premium_1781771853282_pro.jpg_105,1,,
"healthy D recipes","New Sales Ad Set",4,4,18-24,male,OUTCOME_SALES,2026-06-22,"Join 2,847+ Indian families eating healthier. 7-Day Guarantee.Rated 4.9/5 by 14,200+ healthy home cooks.Get 100+ Low-GI Indian Recipes at 80% OFF (Instant Download)",active,ad,"7-day click, 1-day view, or 1-day engaged-view",,,1,2,,0.31,-,-,-,2,155,,,,0,0,,,,,,,,,,,,,,,,,,,,,,,,,,,,,,,,,,,2026-06-22,2026-06-22,Sales,Conversions,AUCTION,2026-06-19,Ongoing,,ABSOLUTE_OCPM,120247277679480335,4,"Using campaign budget",,810,Daily,120247276897740335,"New Sales Ad Set",120247276897760335,"healthy D recipes",INR,"Join 2,847+ Indian families eating healthier. 7-Day Guarantee.Rated 4.9/5 by 14,200+ healthy home cooks.Get 100+ Low-GI Indian Recipes at 80% OFF (Instant Download)","100+ Clinically Reviewed Low-GI Indian Recipes 📚",https://diabitic-food-recipe.vercel.app/,LEARN_MORE,3550162ac480cf934e2af8c073841097,ad_thali_premium_1781771853282_pro.jpg_105,1,,
"healthy D recipes","New Sales Ad Set",4,4,45-54,male,OUTCOME_SALES,2026-06-22,"Join 2,847+ Indian families eating healthier. 7-Day Guarantee.Rated 4.9/5 by 14,200+ healthy home cooks.Get 100+ Low-GI Indian Recipes at 80% OFF (Instant Download)",active,ad,"7-day click, 1-day view, or 1-day engaged-view",,,2,1,,0.24,-,-,-,2,120,,,,0,0,,,,,,,,,,,,,,,,,,,,,,,,,,,,,,,,,,,2026-06-22,2026-06-22,Sales,Conversions,AUCTION,2026-06-19,Ongoing,,ABSOLUTE_OCPM,120247277679480335,4,"Using campaign budget",,810,Daily,120247276897740335,"New Sales Ad Set",120247276897760335,"healthy D recipes",INR,"Join 2,847+ Indian families eating healthier. 7-Day Guarantee.Rated 4.9/5 by 14,200+ healthy home cooks.Get 100+ Low-GI Indian Recipes at 80% OFF (Instant Download)","100+ Clinically Reviewed Low-GI Indian Recipes 📚",https://diabitic-food-recipe.vercel.app/,LEARN_MORE,3550162ac480cf934e2af8c073841097,ad_thali_premium_1781771853282_pro.jpg_105,1,,
"healthy D recipes","New Sales Ad Set",4,4,55-64,female,OUTCOME_SALES,2026-06-22,"Join 2,847+ Indian families eating healthier. 7-Day Guarantee.Rated 4.9/5 by 14,200+ healthy home cooks.Get 100+ Low-GI Indian Recipes at 80% OFF (Instant Download)",active,ad,"7-day click, 1-day view, or 1-day engaged-view",,,9,1,,3.83,-,-,-,9,425.55555556,1,3.83,11.11111111,1,11.11111111,3.83,,,,,,,,,,,,,,,,,,,,,,,,,,,,,,,,,,2026-06-22,2026-06-22,Sales,Conversions,AUCTION,2026-06-19,Ongoing,,ABSOLUTE_OCPM,120247277679480335,4,"Using campaign budget",,810,Daily,120247276897740335,"New Sales Ad Set",120247276897760335,"healthy D recipes",INR,"Join 2,847+ Indian families eating healthier. 7-Day Guarantee.Rated 4.9/5 by 14,200+ healthy home cooks.Get 100+ Low-GI Indian Recipes at 80% OFF (Instant Download)","100+ Clinically Reviewed Low-GI Indian Recipes 📚",https://diabitic-food-recipe.vercel.app/,LEARN_MORE,3550162ac480cf934e2af8c073841097,ad_thali_premium_1781771853282_pro.jpg_105,1,,
"healthy D recipes","New Sales Ad Set",4,4,65+,male,OUTCOME_SALES,2026-06-22,"Join 2,847+ Indian families eating healthier. 7-Day Guarantee.Rated 4.9/5 by 14,200+ healthy home cooks.Get 100+ Low-GI Indian Recipes at 80% OFF (Instant Download)",active,ad,"7-day click, 1-day view, or 1-day engaged-view",,,7,1,,18.05,-,-,-,7,2578.57142857,1,18.05,14.28571429,1,14.28571429,18.05,,,,,,,,,,,,,,,,,,,,,,,,,,,,,,,,,,2026-06-22,2026-06-22,Sales,Conversions,AUCTION,2026-06-19,Ongoing,,ABSOLUTE_OCPM,120247277679480335,4,"Using campaign budget",,810,Daily,120247276897740335,"New Sales Ad Set",120247276897760335,"healthy D recipes",INR,"Join 2,847+ Indian families eating healthier. 7-Day Guarantee.Rated 4.9/5 by 14,200+ healthy home cooks.Get 100+ Low-GI Indian Recipes at 80% OFF (Instant Download)","100+ Clinically Reviewed Low-GI Indian Recipes 📚",https://diabitic-food-recipe.vercel.app/,LEARN_MORE,3550162ac480cf934e2af8c073841097,ad_thali_premium_1781771853282_pro.jpg_105,1,,
"secretswap - 4 angles test-21 June","broad 35+","Convenience & Family - 2","Convenience & Family - 2",45-54,female,OUTCOME_SALES,2026-06-22,"7-Day Guarantee.Rated 4.9/5 by 2847+ healthy home cooks.",active,ad,"7-day click, 1-day view, or 1-day engaged-view",,,18,1,,18.97,-,-,-,18,1053.88888889,,,,0,0,,,,,,,,,,,,,,,,,,,,,,,,,,,,,,,,,,,2026-06-22,2026-06-22,Sales,Conversions,AUCTION,2026-06-21,Ongoing,,ABSOLUTE_OCPM,120247445893700335,"Convenience & Family - 2","Using campaign budget",,610,Daily,120247443752180335,"broad 35+",120247443752270335,"secretswap - 4 angles test-21 June",INR,"Join 2,847+ Indian families eating healthier. ","100+ Clinically Reviewed Low-GI Indian Recipes 📚",https://secretswaprecipe.vercel.app/,LEARN_MORE,d28c67a72599aed176d689522503b263,ad_creative_thali_1781972868839.png_105_105,convienience,,
"secretswap - 4 angles test-21 June","broad 35+","Convenience & Family - 2","Convenience & Family - 2",65+,female,OUTCOME_SALES,2026-06-22,"Get 100+ Low-GI Indian Recipes at 80% OFF (Instant Download)",active,ad,"7-day click, 1-day view, or 1-day engaged-view",,,1,1,,0.35,-,-,-,1,350,,,,0,0,,,,,,,,,,,,,,,,,,,,,,,,,,,,,,,,,,,2026-06-22,2026-06-22,Sales,Conversions,AUCTION,2026-06-21,Ongoing,,ABSOLUTE_OCPM,120247445893700335,"Convenience & Family - 2","Using campaign budget",,610,Daily,120247443752180335,"broad 35+",120247443752270335,"secretswap - 4 angles test-21 June",INR,"Join 2,847+ Indian families eating healthier. ","100+ Clinically Reviewed Low-GI Indian Recipes 📚",https://secretswaprecipe.vercel.app/,LEARN_MORE,d28c67a72599aed176d689522503b263,ad_creative_thali_1781972868839.png_105_105,convienience,,
"secretswap - 4 angles test-21 June","broad 35+","Convenience & Family - 2","Convenience & Family - 2",45-54,unknown,OUTCOME_SALES,2026-06-22,"7-Day Guarantee.Rated 4.9/5 by 2847+ healthy home cooks.",active,ad,"7-day click, 1-day view, or 1-day engaged-view",,,1,1,,0.28,-,-,-,1,280,,,,0,0,,,,,,,,,,,,,,,,,,,,,,,,,,,,,,,,,,,2026-06-22,2026-06-22,Sales,Conversions,AUCTION,2026-06-21,Ongoing,,ABSOLUTE_OCPM,120247445893700335,"Convenience & Family - 2","Using campaign budget",,610,Daily,120247443752180335,"broad 35+",120247443752270335,"secretswap - 4 angles test-21 June",INR,"Join 2,847+ Indian families eating healthier. ","100+ Clinically Reviewed Low-GI Indian Recipes 📚",https://secretswaprecipe.vercel.app/,LEARN_MORE,d28c67a72599aed176d689522503b263,ad_creative_thali_1781972868839.png_105_105,convienience,,
"secretswap - 4 angles test-21 June","broad 35+","Guilt Free desire -1","Guilt Free desire -1",55-64,male,OUTCOME_SALES,2026-06-22,"Get 100+ Low-GI Indian Recipes at 80% OFF (Instant Download)",active,ad,"7-day click, 1-day view, or 1-day engaged-view",,,12,1,,7.36,-,-,-,12,613.33333333,,,,0,0,,,,,,,,,,,,,,,,,,,,,,,,,,,,,,,,,,,2026-06-22,2026-06-22,Sales,Conversions,AUCTION,2026-06-21,Ongoing,,ABSOLUTE_OCPM,120247443752280335,"Guilt Free desire -1","Using campaign budget",,610,Daily,120247443752180335,"broad 35+",120247443752270335,"secretswap - 4 angles test-21 June",INR,"Join 2,847+ Indian families eating healthier. ","100+ Clinically Reviewed Low-GI Indian Recipes 📚",https://secretswaprecipe.vercel.app/,LEARN_MORE,dd0ed0dd6548a950596a056b6fc569b2,ad_creative_sweets_1781972854192.png_105_105,"guilt free",,
"healthy D recipes","New Sales Ad Set",9,9,25-34,female,OUTCOME_SALES,2026-06-22,"Join 2,847+ Indian families eating healthier. 7-Day Guarantee.Rated 4.9/5 by 14,200+ healthy home cooks.Get 100+ Low-GI Indian Recipes at 80% OFF (Instant Download)",inactive,ad,"7-day click, 1-day view, or 1-day engaged-view",,,1,1,,0.08,-,-,-,1,80,,,,0,0,,,,,,,,,,,,,,,,,,,,,,,,,,,,,,,,,,,2026-06-22,2026-06-22,Sales,Conversions,AUCTION,2026-06-19,Ongoing,,ABSOLUTE_OCPM,120247278208920335,9,"Using campaign budget",,810,Daily,120247276897740335,"New Sales Ad Set",120247276897760335,"healthy D recipes",INR,"Join 2,847+ Indian families eating healthier. 7-Day Guarantee.Rated 4.9/5 by 14,200+ healthy home cooks.Get 100+ Low-GI Indian Recipes at 80% OFF (Instant Download)","100+ Clinically Reviewed Low-GI Indian Recipes 📚",https://diabitic-food-recipe.vercel.app/,LEARN_MORE,04e4dd2a8e17734f2264da49a012c17c,700971189_1338611944796522_8021727401609862275_n.jpg_105_105,1,,
"secretswap - 4 angles test-21 June","broad 35+","Guilt Free desire -1","Guilt Free desire -1",55-64,male,OUTCOME_SALES,2026-06-22,"Join 2,847+ Indian families eating healthier. ",active,ad,"7-day click, 1-day view, or 1-day engaged-view",,,1,1,,0.16,-,-,-,1,160,,,,0,0,,,,,,,,,,,,,,,,,,,,,,,,,,,,,,,,,,,2026-06-22,2026-06-22,Sales,Conversions,AUCTION,2026-06-21,Ongoing,,ABSOLUTE_OCPM,120247443752280335,"Guilt Free desire -1","Using campaign budget",,610,Daily,120247443752180335,"broad 35+",120247443752270335,"secretswap - 4 angles test-21 June",INR,"Join 2,847+ Indian families eating healthier. ","100+ Clinically Reviewed Low-GI Indian Recipes 📚",https://secretswaprecipe.vercel.app/,LEARN_MORE,dd0ed0dd6548a950596a056b6fc569b2,ad_creative_sweets_1781972854192.png_105_105,"guilt free",,
"secretswap - 4 angles test-21 June","broad 35+","Guilt Free desire -1","Guilt Free desire -1",65+,female,OUTCOME_SALES,2026-06-22,"Join 2,847+ Indian families eating healthier. ",active,ad,"7-day click, 1-day view, or 1-day engaged-view",,,2,1,,0.14,-,-,-,2,70,,,,0,0,,,,,,,,,,,,,,,,,,,,,,,,,,,,,,,,,,,2026-06-22,2026-06-22,Sales,Conversions,AUCTION,2026-06-21,Ongoing,,ABSOLUTE_OCPM,120247443752280335,"Guilt Free desire -1","Using campaign budget",,610,Daily,120247443752180335,"broad 35+",120247443752270335,"secretswap - 4 angles test-21 June",INR,"Join 2,847+ Indian families eating healthier. ","100+ Clinically Reviewed Low-GI Indian Recipes 📚",https://secretswaprecipe.vercel.app/,LEARN_MORE,dd0ed0dd6548a950596a056b6fc569b2,ad_creative_sweets_1781972854192.png_105_105,"guilt free",,
"secretswap - 4 angles test-21 June","broad 35+","Guilt Free desire -1","Guilt Free desire -1",55-64,female,OUTCOME_SALES,2026-06-22,"Join 2,847+ Indian families eating healthier. ",active,ad,"7-day click, 1-day view, or 1-day engaged-view",,,1,1,,2.3,-,-,-,1,2300,,,,0,0,,,,,,,,,,,,,,,,,,,,,,,,,,,,,,,,,,,2026-06-22,2026-06-22,Sales,Conversions,AUCTION,2026-06-21,Ongoing,,ABSOLUTE_OCPM,120247443752280335,"Guilt Free desire -1","Using campaign budget",,610,Daily,120247443752180335,"broad 35+",120247443752270335,"secretswap - 4 angles test-21 June",INR,"Join 2,847+ Indian families eating healthier. ","100+ Clinically Reviewed Low-GI Indian Recipes 📚",https://secretswaprecipe.vercel.app/,LEARN_MORE,dd0ed0dd6548a950596a056b6fc569b2,ad_creative_sweets_1781972854192.png_105_105,"guilt free",,
"secretswap - 4 angles test-21 June","broad 35+","Guilt Free desire -1","Guilt Free desire -1",25-34,male,OUTCOME_SALES,2026-06-22,"Get 100+ Low-GI Indian Recipes at 80% OFF (Instant Download)",active,ad,"7-day click, 1-day view, or 1-day engaged-view",,,1,1,,0.26,-,-,-,1,260,,,,0,0,,,,,,,,,,,,,,,,,,,,,,,,,,,,,,,,,,,2026-06-22,2026-06-22,Sales,Conversions,AUCTION,2026-06-21,Ongoing,,ABSOLUTE_OCPM,120247443752280335,"Guilt Free desire -1","Using campaign budget",,610,Daily,120247443752180335,"broad 35+",120247443752270335,"secretswap - 4 angles test-21 June",INR,"Join 2,847+ Indian families eating healthier. ","100+ Clinically Reviewed Low-GI Indian Recipes 📚",https://secretswaprecipe.vercel.app/,LEARN_MORE,dd0ed0dd6548a950596a056b6fc569b2,ad_creative_sweets_1781972854192.png_105_105,"guilt free",,
"secretswap - 4 angles test-21 June","broad 35+","Guilt Free desire -1","Guilt Free desire -1",45-54,female,OUTCOME_SALES,2026-06-22,"Get 100+ Low-GI Indian Recipes at 80% OFF (Instant Download)",active,ad,"7-day click, 1-day view, or 1-day engaged-view",,,6,1,,1.56,-,-,-,6,260,,,,0,0,,,,,,,,,,,,,,,,,,,,,,,,,,,,,,,,,,,2026-06-22,2026-06-22,Sales,Conversions,AUCTION,2026-06-21,Ongoing,,ABSOLUTE_OCPM,120247443752280335,"Guilt Free desire -1","Using campaign budget",,610,Daily,120247443752180335,"broad 35+",120247443752270335,"secretswap - 4 angles test-21 June",INR,"Join 2,847+ Indian families eating healthier. ","100+ Clinically Reviewed Low-GI Indian Recipes 📚",https://secretswaprecipe.vercel.app/,LEARN_MORE,dd0ed0dd6548a950596a056b6fc569b2,ad_creative_sweets_1781972854192.png_105_105,"guilt free",,
"secretswap - 4 angles test-21 June","broad 35+","Guilt Free desire -1","Guilt Free desire -1",35-44,male,OUTCOME_SALES,2026-06-22,"Get 100+ Low-GI Indian Recipes at 80% OFF (Instant Download)",active,ad,"7-day click, 1-day view, or 1-day engaged-view",,,6,1,,1.12,-,-,-,6,186.66666667,,,,0,0,,,,,,,,,,,,,,,,,,,,,,,,,,,,,,,,,,,2026-06-22,2026-06-22,Sales,Conversions,AUCTION,2026-06-21,Ongoing,,ABSOLUTE_OCPM,120247443752280335,"Guilt Free desire -1","Using campaign budget",,610,Daily,120247443752180335,"broad 35+",120247443752270335,"secretswap - 4 angles test-21 June",INR,"Join 2,847+ Indian families eating healthier. ","100+ Clinically Reviewed Low-GI Indian Recipes 📚",https://secretswaprecipe.vercel.app/,LEARN_MORE,dd0ed0dd6548a950596a056b6fc569b2,ad_creative_sweets_1781972854192.png_105_105,"guilt free",,
"secretswap - 4 angles test-21 June","broad 35+","Authority & Trust - 3","Authority & Trust - 3",45-54,female,OUTCOME_SALES,2026-06-22,"Get 100+ Low-GI Indian Recipes at 80% OFF (Instant Download)",active,ad,"7-day click, 1-day view, or 1-day engaged-view",,,1,1,,0.91,-,-,-,1,910,,,,0,0,,,,,,,,,,,,,,,,,,,,,,,,,,,,,,,,,,,2026-06-22,2026-06-22,Sales,Conversions,AUCTION,2026-06-21,Ongoing,,ABSOLUTE_OCPM,120247446022930335,"Authority & Trust - 3","Using campaign budget",,610,Daily,120247443752180335,"broad 35+",120247443752270335,"secretswap - 4 angles test-21 June",INR,"Join 2,847+ Indian families eating healthier. ","100+ Clinically Reviewed Low-GI Indian Recipes 📚",https://secretswaprecipe.vercel.app/,LEARN_MORE,eb81ae947432ec6d45c464c470f51fa9,ad_creative_trust_1781972880994.png_105_105,authority,,
"secretswap - 4 angles test-21 June","broad 35+","Guilt Free desire -1","Guilt Free desire -1",35-44,female,OUTCOME_SALES,2026-06-22,"Get 100+ Low-GI Indian Recipes at 80% OFF (Instant Download)",active,ad,"7-day click, 1-day view, or 1-day engaged-view",,,5,1,,1.17,-,-,-,5,234,,,,0,0,,,,,,,,,,,,,,,,,,,,,,,,,,,,,,,,,,,2026-06-22,2026-06-22,Sales,Conversions,AUCTION,2026-06-21,Ongoing,,ABSOLUTE_OCPM,120247443752280335,"Guilt Free desire -1","Using campaign budget",,610,Daily,120247443752180335,"broad 35+",120247443752270335,"secretswap - 4 angles test-21 June",INR,"Join 2,847+ Indian families eating healthier. ","100+ Clinically Reviewed Low-GI Indian Recipes 📚",https://secretswaprecipe.vercel.app/,LEARN_MORE,dd0ed0dd6548a950596a056b6fc569b2,ad_creative_sweets_1781972854192.png_105_105,"guilt free",,
"secretswap - 4 angles test-21 June","broad 35+","Guilt Free desire -1","Guilt Free desire -1",55-64,female,OUTCOME_SALES,2026-06-22,"Get 100+ Low-GI Indian Recipes at 80% OFF (Instant Download)",active,ad,"7-day click, 1-day view, or 1-day engaged-view",,,6,1,,4.48,-,-,-,6,746.66666667,,,,0,0,,,,,,,,,,,,,,,,,,,,,,,,,,,,,,,,,,,2026-06-22,2026-06-22,Sales,Conversions,AUCTION,2026-06-21,Ongoing,,ABSOLUTE_OCPM,120247443752280335,"Guilt Free desire -1","Using campaign budget",,610,Daily,120247443752180335,"broad 35+",120247443752270335,"secretswap - 4 angles test-21 June",INR,"Join 2,847+ Indian families eating healthier. ","100+ Clinically Reviewed Low-GI Indian Recipes 📚",https://secretswaprecipe.vercel.app/,LEARN_MORE,dd0ed0dd6548a950596a056b6fc569b2,ad_creative_sweets_1781972854192.png_105_105,"guilt free",,
"secretswap - 4 angles test-21 June","broad 35+","Guilt Free desire -1","Guilt Free desire -1",65+,female,OUTCOME_SALES,2026-06-22,"Get 100+ Low-GI Indian Recipes at 80% OFF (Instant Download)",active,ad,"7-day click, 1-day view, or 1-day engaged-view",,,1,1,,0.11,-,-,-,1,110,,,,0,0,,,,,,,,,,,,,,,,,,,,,,,,,,,,,,,,,,,2026-06-22,2026-06-22,Sales,Conversions,AUCTION,2026-06-21,Ongoing,,ABSOLUTE_OCPM,120247443752280335,"Guilt Free desire -1","Using campaign budget",,610,Daily,120247443752180335,"broad 35+",120247443752270335,"secretswap - 4 angles test-21 June",INR,"Join 2,847+ Indian families eating healthier. ","100+ Clinically Reviewed Low-GI Indian Recipes 📚",https://secretswaprecipe.vercel.app/,LEARN_MORE,dd0ed0dd6548a950596a056b6fc569b2,ad_creative_sweets_1781972854192.png_105_105,"guilt free",,
"secretswap - 4 angles test-21 June","broad 35+","Guilt Free desire -1","Guilt Free desire -1",35-44,female,OUTCOME_SALES,2026-06-22,"7-Day Guarantee.Rated 4.9/5 by 2847+ healthy home cooks.",active,ad,"7-day click, 1-day view, or 1-day engaged-view",,,1,1,,0.79,-,-,-,1,790,,,,0,0,,,,,,,,,,,,,,,,,,,,,,,,,,,,,,,,,,,2026-06-22,2026-06-22,Sales,Conversions,AUCTION,2026-06-21,Ongoing,,ABSOLUTE_OCPM,120247443752280335,"Guilt Free desire -1","Using campaign budget",,610,Daily,120247443752180335,"broad 35+",120247443752270335,"secretswap - 4 angles test-21 June",INR,"Join 2,847+ Indian families eating healthier. ","100+ Clinically Reviewed Low-GI Indian Recipes 📚",https://secretswaprecipe.vercel.app/,LEARN_MORE,dd0ed0dd6548a950596a056b6fc569b2,ad_creative_sweets_1781972854192.png_105_105,"guilt free",,
"secretswap - 4 angles test-21 June","broad 35+","Convenience & Family - 2","Convenience & Family - 2",35-44,female,OUTCOME_SALES,2026-06-22,"7-Day Guarantee.Rated 4.9/5 by 2847+ healthy home cooks.",active,ad,"7-day click, 1-day view, or 1-day engaged-view",,,11,1,,15.28,-,-,-,11,1389.09090909,,,,0,0,,,,,,,,,,,,,,,,,,,,,,,,,,,,,,,,,,,2026-06-22,2026-06-22,Sales,Conversions,AUCTION,2026-06-21,Ongoing,,ABSOLUTE_OCPM,120247445893700335,"Convenience & Family - 2","Using campaign budget",,610,Daily,120247443752180335,"broad 35+",120247443752270335,"secretswap - 4 angles test-21 June",INR,"Join 2,847+ Indian families eating healthier. ","100+ Clinically Reviewed Low-GI Indian Recipes 📚",https://secretswaprecipe.vercel.app/,LEARN_MORE,d28c67a72599aed176d689522503b263,ad_creative_thali_1781972868839.png_105_105,convienience,,
"secretswap - 4 angles test-21 June","broad 35+","Guilt Free desire -1","Guilt Free desire -1",45-54,male,OUTCOME_SALES,2026-06-22,"Get 100+ Low-GI Indian Recipes at 80% OFF (Instant Download)",active,ad,"7-day click, 1-day view, or 1-day engaged-view",,,9,1,,5.82,-,-,-,9,646.66666667,1,5.82,11.11111111,1,11.11111111,5.82,,,,,,,,,,,,,,,,,,,,,,,,,,,,,,,,,,2026-06-22,2026-06-22,Sales,Conversions,AUCTION,2026-06-21,Ongoing,,ABSOLUTE_OCPM,120247443752280335,"Guilt Free desire -1","Using campaign budget",,610,Daily,120247443752180335,"broad 35+",120247443752270335,"secretswap - 4 angles test-21 June",INR,"Join 2,847+ Indian families eating healthier. ","100+ Clinically Reviewed Low-GI Indian Recipes 📚",https://secretswaprecipe.vercel.app/,LEARN_MORE,dd0ed0dd6548a950596a056b6fc569b2,ad_creative_sweets_1781972854192.png_105_105,"guilt free",,
"healthy D recipes","New Sales Ad Set",2,2,35-44,female,OUTCOME_SALES,2026-06-22,"Join 2,847+ Indian families eating healthier. 7-Day Guarantee.Rated 4.9/5 by 14,200+ healthy home cooks.Get 100+ Low-GI Indian Recipes at 80% OFF (Instant Download)",active,ad,"7-day click, 1-day view, or 1-day engaged-view",,,1,2,,5.35,-,-,-,2,2675,,,,0,0,,,,,,,,,,,,,,,,,,,,,,,,,,,,,,,,,,,2026-06-22,2026-06-22,Sales,Conversions,AUCTION,2026-06-19,Ongoing,,ABSOLUTE_OCPM,120247277508980335,2,"Using campaign budget",,810,Daily,120247276897740335,"New Sales Ad Set",120247276897760335,"healthy D recipes",INR,"Join 2,847+ Indian families eating healthier. 7-Day Guarantee.Rated 4.9/5 by 14,200+ healthy home cooks.Get 100+ Low-GI Indian Recipes at 80% OFF (Instant Download)","100+ Clinically Reviewed Low-GI Indian Recipes 📚",https://diabitic-food-recipe.vercel.app/,LEARN_MORE,383302feeef1203cf124fb58704edc5a,ad_trust_woman_1781771926884_pro.jpg_105_105,1,,
"healthy D recipes","New Sales Ad Set",7,7,65+,female,OUTCOME_SALES,2026-06-22,"Join 2,847+ Indian families eating healthier. 7-Day Guarantee.Rated 4.9/5 by 14,200+ healthy home cooks.Get 100+ Low-GI Indian Recipes at 80% OFF (Instant Download)",active,ad,"7-day click, 1-day view, or 1-day engaged-view",,,1,1,,0.02,-,-,-,1,20,,,,0,0,,,,,,,,,,,,,,,,,,,,,,,,,,,,,,,,,,,2026-06-22,2026-06-22,Sales,Conversions,AUCTION,2026-06-19,Ongoing,,ABSOLUTE_OCPM,120247278131720335,7,"Using campaign budget",,810,Daily,120247276897740335,"New Sales Ad Set",120247276897760335,"healthy D recipes",INR,"Join 2,847+ Indian families eating healthier. 7-Day Guarantee.Rated 4.9/5 by 14,200+ healthy home cooks.Get 100+ Low-GI Indian Recipes at 80% OFF (Instant Download)","100+ Clinically Reviewed Low-GI Indian Recipes 📚",https://diabitic-food-recipe.vercel.app/,LEARN_MORE,cc1f99178902ec85f34b1a3bb9233c8f,679665943_1318595233534060_9039814639623822203_n.jpg,1,,
"secretswap - 4 angles test-21 June","broad 35+","Guilt Free desire -1","Guilt Free desire -1",65+,male,OUTCOME_SALES,2026-06-22,"Get 100+ Low-GI Indian Recipes at 80% OFF (Instant Download)",active,ad,"7-day click, 1-day view, or 1-day engaged-view",,,11,1,,2.78,-,-,-,11,252.72727273,2,1.39,18.18181818,2,18.18181818,1.39,,,,,,,,,,,,,,,,,,,,,,,,,,,,,,,,,,2026-06-22,2026-06-22,Sales,Conversions,AUCTION,2026-06-21,Ongoing,,ABSOLUTE_OCPM,120247443752280335,"Guilt Free desire -1","Using campaign budget",,610,Daily,120247443752180335,"broad 35+",120247443752270335,"secretswap - 4 angles test-21 June",INR,"Join 2,847+ Indian families eating healthier. ","100+ Clinically Reviewed Low-GI Indian Recipes 📚",https://secretswaprecipe.vercel.app/,LEARN_MORE,dd0ed0dd6548a950596a056b6fc569b2,ad_creative_sweets_1781972854192.png_105_105,"guilt free",,
"secretswap - 4 angles test-21 June","broad 35+","Authority & Trust - 3","Authority & Trust - 3",25-34,female,OUTCOME_SALES,2026-06-22,"Get 100+ Low-GI Indian Recipes at 80% OFF (Instant Download)",active,ad,"7-day click, 1-day view, or 1-day engaged-view",,,1,1,,0.59,-,-,-,1,590,,,,0,0,,,,,,,,,,,,,,,,,,,,,,,,,,,,,,,,,,,2026-06-22,2026-06-22,Sales,Conversions,AUCTION,2026-06-21,Ongoing,,ABSOLUTE_OCPM,120247446022930335,"Authority & Trust - 3","Using campaign budget",,610,Daily,120247443752180335,"broad 35+",120247443752270335,"secretswap - 4 angles test-21 June",INR,"Join 2,847+ Indian families eating healthier. ","100+ Clinically Reviewed Low-GI Indian Recipes 📚",https://secretswaprecipe.vercel.app/,LEARN_MORE,eb81ae947432ec6d45c464c470f51fa9,ad_creative_trust_1781972880994.png_105_105,authority,,
"secretswap - 4 angles test-21 June","broad 35+","Flavor Focus - 4","Flavor Focus - 4",35-44,female,OUTCOME_SALES,2026-06-22,"Join 2,847+ Indian families eating healthier. ",active,ad,"7-day click, 1-day view, or 1-day engaged-view",,,1,1,,0.09,-,-,-,1,90,,,,0,0,,,,,,,,,,,,,,,,,,,,,,,,,,,,,,,,,,,2026-06-22,2026-06-22,Sales,Conversions,AUCTION,2026-06-21,Ongoing,,ABSOLUTE_OCPM,120247446284390335,"Flavor Focus - 4","Using campaign budget",,610,Daily,120247443752180335,"broad 35+",120247443752270335,"secretswap - 4 angles test-21 June",INR,"Join 2,847+ Indian families eating healthier. ","100+ Clinically Reviewed Low-GI Indian Recipes 📚",https://secretswaprecipe.vercel.app/,LEARN_MORE,42de942a5042d3e34c452b63760836a3,ad_creative_compliant_curry_1781973167022.png_105_105,flavor,,
"secretswap - 4 angles test-21 June","broad 35+","Authority & Trust - 3","Authority & Trust - 3",55-64,male,OUTCOME_SALES,2026-06-22,"Join 2,847+ Indian families eating healthier. ",active,ad,"7-day click, 1-day view, or 1-day engaged-view",,,2,1,,0.17,-,-,-,2,85,,,,0,0,,,,,,,,,,,,,,,,,,,,,,,,,,,,,,,,,,,2026-06-22,2026-06-22,Sales,Conversions,AUCTION,2026-06-21,Ongoing,,ABSOLUTE_OCPM,120247446022930335,"Authority & Trust - 3","Using campaign budget",,610,Daily,120247443752180335,"broad 35+",120247443752270335,"secretswap - 4 angles test-21 June",INR,"Join 2,847+ Indian families eating healthier. ","100+ Clinically Reviewed Low-GI Indian Recipes 📚",https://secretswaprecipe.vercel.app/,LEARN_MORE,eb81ae947432ec6d45c464c470f51fa9,ad_creative_trust_1781972880994.png_105_105,authority,,
"secretswap - 4 angles test-21 June","broad 35+","Convenience & Family - 2","Convenience & Family - 2",35-44,male,OUTCOME_SALES,2026-06-22,"7-Day Guarantee.Rated 4.9/5 by 2847+ healthy home cooks.",active,ad,"7-day click, 1-day view, or 1-day engaged-view",,,4,1,,3.4,-,-,-,4,850,,,,0,0,,,,,,,,,,,,,,,,,,,,,,,,,,,,,,,,,,,2026-06-22,2026-06-22,Sales,Conversions,AUCTION,2026-06-21,Ongoing,,ABSOLUTE_OCPM,120247445893700335,"Convenience & Family - 2","Using campaign budget",,610,Daily,120247443752180335,"broad 35+",120247443752270335,"secretswap - 4 angles test-21 June",INR,"Join 2,847+ Indian families eating healthier. ","100+ Clinically Reviewed Low-GI Indian Recipes 📚",https://secretswaprecipe.vercel.app/,LEARN_MORE,d28c67a72599aed176d689522503b263,ad_creative_thali_1781972868839.png_105_105,convienience,,
"secretswap - 4 angles test-21 June","broad 35+","Convenience & Family - 2","Convenience & Family - 2",55-64,male,OUTCOME_SALES,2026-06-22,"7-Day Guarantee.Rated 4.9/5 by 2847+ healthy home cooks.",active,ad,"7-day click, 1-day view, or 1-day engaged-view",,,2,1,,2.26,-,-,-,2,1130,,,,0,0,,,,,,,,,,,,,,,,,,,,,,,,,,,,,,,,,,,2026-06-22,2026-06-22,Sales,Conversions,AUCTION,2026-06-21,Ongoing,,ABSOLUTE_OCPM,120247445893700335,"Convenience & Family - 2","Using campaign budget",,610,Daily,120247443752180335,"broad 35+",120247443752270335,"secretswap - 4 angles test-21 June",INR,"Join 2,847+ Indian families eating healthier. ","100+ Clinically Reviewed Low-GI Indian Recipes 📚",https://secretswaprecipe.vercel.app/,LEARN_MORE,d28c67a72599aed176d689522503b263,ad_creative_thali_1781972868839.png_105_105,convienience,,
"secretswap - 4 angles test-21 June","broad 35+","Convenience & Family - 2","Convenience & Family - 2",25-34,female,OUTCOME_SALES,2026-06-22,"7-Day Guarantee.Rated 4.9/5 by 2847+ healthy home cooks.",active,ad,"7-day click, 1-day view, or 1-day engaged-view",,,1,1,,0.16,-,-,-,1,160,,,,0,0,,,,,,,,,,,,,,,,,,,,,,,,,,,,,,,,,,,2026-06-22,2026-06-22,Sales,Conversions,AUCTION,2026-06-21,Ongoing,,ABSOLUTE_OCPM,120247445893700335,"Convenience & Family - 2","Using campaign budget",,610,Daily,120247443752180335,"broad 35+",120247443752270335,"secretswap - 4 angles test-21 June",INR,"Join 2,847+ Indian families eating healthier. ","100+ Clinically Reviewed Low-GI Indian Recipes 📚",https://secretswaprecipe.vercel.app/,LEARN_MORE,d28c67a72599aed176d689522503b263,ad_creative_thali_1781972868839.png_105_105,convienience,,
"secretswap - 4 angles test-21 June","broad 35+","Convenience & Family - 2","Convenience & Family - 2",55-64,female,OUTCOME_SALES,2026-06-22,"7-Day Guarantee.Rated 4.9/5 by 2847+ healthy home cooks.",active,ad,"7-day click, 1-day view, or 1-day engaged-view",,,16,1.125,,31.14,-,-,-,18,1730,1,31.14,5.55555556,2,11.11111111,15.57,,,,,,,,,,,,,,,,,,,,,,,,,,,,,,,,,,2026-06-22,2026-06-22,Sales,Conversions,AUCTION,2026-06-21,Ongoing,,ABSOLUTE_OCPM,120247445893700335,"Convenience & Family - 2","Using campaign budget",,610,Daily,120247443752180335,"broad 35+",120247443752270335,"secretswap - 4 angles test-21 June",INR,"Join 2,847+ Indian families eating healthier. ","100+ Clinically Reviewed Low-GI Indian Recipes 📚",https://secretswaprecipe.vercel.app/,LEARN_MORE,d28c67a72599aed176d689522503b263,ad_creative_thali_1781972868839.png_105_105,convienience,,
"secretswap - 4 angles test-21 June","broad 35+","Flavor Focus - 4","Flavor Focus - 4",55-64,male,OUTCOME_SALES,2026-06-22,"Join 2,847+ Indian families eating healthier. ",active,ad,"7-day click, 1-day view, or 1-day engaged-view",,,6,1.16666667,,7.36,-,-,-,7,1051.42857143,,,,0,0,,,,,,,,,,,,,,,,,,,,,,,,,,,,,,,,,,,2026-06-22,2026-06-22,Sales,Conversions,AUCTION,2026-06-21,Ongoing,,ABSOLUTE_OCPM,120247446284390335,"Flavor Focus - 4","Using campaign budget",,610,Daily,120247443752180335,"broad 35+",120247443752270335,"secretswap - 4 angles test-21 June",INR,"Join 2,847+ Indian families eating healthier. ","100+ Clinically Reviewed Low-GI Indian Recipes 📚",https://secretswaprecipe.vercel.app/,LEARN_MORE,42de942a5042d3e34c452b63760836a3,ad_creative_compliant_curry_1781973167022.png_105_105,flavor,,
"secretswap - 4 angles test-21 June","broad 35+","Convenience & Family - 2","Convenience & Family - 2",18-24,female,OUTCOME_SALES,2026-06-22,"7-Day Guarantee.Rated 4.9/5 by 2847+ healthy home cooks.",active,ad,"7-day click, 1-day view, or 1-day engaged-view",,,1,1,,0.29,-,-,-,1,290,,,,0,0,,,,,,,,,,,,,,,,,,,,,,,,,,,,,,,,,,,2026-06-22,2026-06-22,Sales,Conversions,AUCTION,2026-06-21,Ongoing,,ABSOLUTE_OCPM,120247445893700335,"Convenience & Family - 2","Using campaign budget",,610,Daily,120247443752180335,"broad 35+",120247443752270335,"secretswap - 4 angles test-21 June",INR,"Join 2,847+ Indian families eating healthier. ","100+ Clinically Reviewed Low-GI Indian Recipes 📚",https://secretswaprecipe.vercel.app/,LEARN_MORE,d28c67a72599aed176d689522503b263,ad_creative_thali_1781972868839.png_105_105,convienience,,
"secretswap - 4 angles test-21 June","broad 35+","Flavor Focus - 4","Flavor Focus - 4",45-54,male,OUTCOME_SALES,2026-06-22,"Join 2,847+ Indian families eating healthier. ",active,ad,"7-day click, 1-day view, or 1-day engaged-view",,,3,1,,0.61,-,-,-,3,203.33333333,,,,0,0,,,,,,,,,,,,,,,,,,,,,,,,,,,,,,,,,,,2026-06-22,2026-06-22,Sales,Conversions,AUCTION,2026-06-21,Ongoing,,ABSOLUTE_OCPM,120247446284390335,"Flavor Focus - 4","Using campaign budget",,610,Daily,120247443752180335,"broad 35+",120247443752270335,"secretswap - 4 angles test-21 June",INR,"Join 2,847+ Indian families eating healthier. ","100+ Clinically Reviewed Low-GI Indian Recipes 📚",https://secretswaprecipe.vercel.app/,LEARN_MORE,42de942a5042d3e34c452b63760836a3,ad_creative_compliant_curry_1781973167022.png_105_105,flavor,,
"secretswap - 4 angles test-21 June","broad 35+","Flavor Focus - 4","Flavor Focus - 4",45-54,female,OUTCOME_SALES,2026-06-22,"Join 2,847+ Indian families eating healthier. ",active,ad,"7-day click, 1-day view, or 1-day engaged-view","Website purchases",1,3,1.33333333,4.43,4.43,-,-,-,4,1107.5,1,4.43,25,1,25,4.43,,,,,,,1,1,,112.64108352,112.64108352,499,499,,4.43,,,,100,499,,,,,"Website purchases conversion value",499,"Website purchases conversion value",112.64108352,,,,,,2026-06-22,2026-06-22,Sales,Conversions,AUCTION,2026-06-21,Ongoing,,ABSOLUTE_OCPM,120247446284390335,"Flavor Focus - 4","Using campaign budget",,610,Daily,120247443752180335,"broad 35+",120247443752270335,"secretswap - 4 angles test-21 June",INR,"Join 2,847+ Indian families eating healthier. ","100+ Clinically Reviewed Low-GI Indian Recipes 📚",https://secretswaprecipe.vercel.app/,LEARN_MORE,42de942a5042d3e34c452b63760836a3,ad_creative_compliant_curry_1781973167022.png_105_105,flavor,,
"secretswap - 4 angles test-21 June","broad 35+","Flavor Focus - 4","Flavor Focus - 4",55-64,female,OUTCOME_SALES,2026-06-22,"Join 2,847+ Indian families eating healthier. ",active,ad,"7-day click, 1-day view, or 1-day engaged-view",,,1,2,,1.38,-,-,-,2,690,,,,0,0,,,,,,,,,,,,,,,,,,,,,,,,,,,,,,,,,,,2026-06-22,2026-06-22,Sales,Conversions,AUCTION,2026-06-21,Ongoing,,ABSOLUTE_OCPM,120247446284390335,"Flavor Focus - 4","Using campaign budget",,610,Daily,120247443752180335,"broad 35+",120247443752270335,"secretswap - 4 angles test-21 June",INR,"Join 2,847+ Indian families eating healthier. ","100+ Clinically Reviewed Low-GI Indian Recipes 📚",https://secretswaprecipe.vercel.app/,LEARN_MORE,42de942a5042d3e34c452b63760836a3,ad_creative_compliant_curry_1781973167022.png_105_105,flavor,,
"secretswap - 4 angles test-21 June","broad 35+","Flavor Focus - 4","Flavor Focus - 4",55-64,male,OUTCOME_SALES,2026-06-22,"Get 100+ Low-GI Indian Recipes at 80% OFF (Instant Download)",active,ad,"7-day click, 1-day view, or 1-day engaged-view",,,2,1,,0.18,-,-,-,2,90,,,,0,0,,,,,,,,,,,,,,,,,,,,,,,,,,,,,,,,,,,2026-06-22,2026-06-22,Sales,Conversions,AUCTION,2026-06-21,Ongoing,,ABSOLUTE_OCPM,120247446284390335,"Flavor Focus - 4","Using campaign budget",,610,Daily,120247443752180335,"broad 35+",120247443752270335,"secretswap - 4 angles test-21 June",INR,"Join 2,847+ Indian families eating healthier. ","100+ Clinically Reviewed Low-GI Indian Recipes 📚",https://secretswaprecipe.vercel.app/,LEARN_MORE,42de942a5042d3e34c452b63760836a3,ad_creative_compliant_curry_1781973167022.png_105_105,flavor,,
"secretswap - 4 angles test-21 June","broad 35+","Flavor Focus - 4","Flavor Focus - 4",35-44,male,OUTCOME_SALES,2026-06-22,"Join 2,847+ Indian families eating healthier. ",active,ad,"7-day click, 1-day view, or 1-day engaged-view",,,2,1,,2.72,-,-,-,2,1360,1,2.72,50,1,50,2.72,,,,,,,,,,,,,,,,,,,,,,,,,,,,,,,,,,2026-06-22,2026-06-22,Sales,Conversions,AUCTION,2026-06-21,Ongoing,,ABSOLUTE_OCPM,120247446284390335,"Flavor Focus - 4","Using campaign budget",,610,Daily,120247443752180335,"broad 35+",120247443752270335,"secretswap - 4 angles test-21 June",INR,"Join 2,847+ Indian families eating healthier. ","100+ Clinically Reviewed Low-GI Indian Recipes 📚",https://secretswaprecipe.vercel.app/,LEARN_MORE,42de942a5042d3e34c452b63760836a3,ad_creative_compliant_curry_1781973167022.png_105_105,flavor,,
"secretswap - 4 angles test-21 June","broad 35+","Flavor Focus - 4","Flavor Focus - 4",55-64,male,OUTCOME_SALES,2026-06-22,"7-Day Guarantee.Rated 4.9/5 by 2847+ healthy home cooks.",active,ad,"7-day click, 1-day view, or 1-day engaged-view",,,1,1,,0.88,-,-,-,1,880,1,0.88,100,1,100,0.88,,,,,,,,,,,,,,,,,,,,,,,,,,,,,,,,,,2026-06-22,2026-06-22,Sales,Conversions,AUCTION,2026-06-21,Ongoing,,ABSOLUTE_OCPM,120247446284390335,"Flavor Focus - 4","Using campaign budget",,610,Daily,120247443752180335,"broad 35+",120247443752270335,"secretswap - 4 angles test-21 June",INR,"Join 2,847+ Indian families eating healthier. ","100+ Clinically Reviewed Low-GI Indian Recipes 📚",https://secretswaprecipe.vercel.app/,LEARN_MORE,42de942a5042d3e34c452b63760836a3,ad_creative_compliant_curry_1781973167022.png_105_105,flavor,,
"secretswap - 4 angles test-21 June","broad 35+","Flavor Focus - 4","Flavor Focus - 4",65+,male,OUTCOME_SALES,2026-06-22,"Join 2,847+ Indian families eating healthier. ",active,ad,"7-day click, 1-day view, or 1-day engaged-view",,,3,1,,11.14,-,-,-,3,3713.33333333,,,,0,0,,,,,,,,,,,,,,,,,,,,,,,,,,,,,,,,,,,2026-06-22,2026-06-22,Sales,Conversions,AUCTION,2026-06-21,Ongoing,,ABSOLUTE_OCPM,120247446284390335,"Flavor Focus - 4","Using campaign budget",,610,Daily,120247443752180335,"broad 35+",120247443752270335,"secretswap - 4 angles test-21 June",INR,"Join 2,847+ Indian families eating healthier. ","100+ Clinically Reviewed Low-GI Indian Recipes 📚",https://secretswaprecipe.vercel.app/,LEARN_MORE,42de942a5042d3e34c452b63760836a3,ad_creative_compliant_curry_1781973167022.png_105_105,flavor,,
"secretswap - 4 angles test-21 June","broad 35+","Guilt Free desire -1","Guilt Free desire -1",65+,male,OUTCOME_SALES,2026-06-21,"Get 100+ Low-GI Indian Recipes at 80% OFF (Instant Download)",active,ad,"7-day click, 1-day view, or 1-day engaged-view",,,3,1,,1.56,-,-,-,3,520,,,,0,0,,,,,,,,,,,,,,,,,,,,,,,,,,,,,,,,,,,2026-06-21,2026-06-21,Sales,Conversions,AUCTION,2026-06-21,Ongoing,,ABSOLUTE_OCPM,120247443752280335,"Guilt Free desire -1","Using campaign budget",,610,Daily,120247443752180335,"broad 35+",120247443752270335,"secretswap - 4 angles test-21 June",INR,"Join 2,847+ Indian families eating healthier. ","100+ Clinically Reviewed Low-GI Indian Recipes 📚",https://secretswaprecipe.vercel.app/,LEARN_MORE,dd0ed0dd6548a950596a056b6fc569b2,ad_creative_sweets_1781972854192.png_105_105,"guilt free",,
"secretswap - 4 angles test-21 June","broad 35+","Guilt Free desire -1","Guilt Free desire -1",55-64,male,OUTCOME_SALES,2026-06-21,"Join 2,847+ Indian families eating healthier. ",active,ad,"7-day click, 1-day view, or 1-day engaged-view",,,1,1,,0.04,-,-,-,1,40,,,,0,0,,,,,,,,,,,,,,,,,,,,,,,,,,,,,,,,,,,2026-06-21,2026-06-21,Sales,Conversions,AUCTION,2026-06-21,Ongoing,,ABSOLUTE_OCPM,120247443752280335,"Guilt Free desire -1","Using campaign budget",,610,Daily,120247443752180335,"broad 35+",120247443752270335,"secretswap - 4 angles test-21 June",INR,"Join 2,847+ Indian families eating healthier. ","100+ Clinically Reviewed Low-GI Indian Recipes 📚",https://secretswaprecipe.vercel.app/,LEARN_MORE,dd0ed0dd6548a950596a056b6fc569b2,ad_creative_sweets_1781972854192.png_105_105,"guilt free",,
"secretswap - 4 angles test-21 June","broad 35+","Guilt Free desire -1","Guilt Free desire -1",55-64,female,OUTCOME_SALES,2026-06-21,"Join 2,847+ Indian families eating healthier. ",active,ad,"7-day click, 1-day view, or 1-day engaged-view",,,1,1,,0.01,-,-,-,1,10,,,,0,0,,,,,,,,,,,,,,,,,,,,,,,,,,,,,,,,,,,2026-06-21,2026-06-21,Sales,Conversions,AUCTION,2026-06-21,Ongoing,,ABSOLUTE_OCPM,120247443752280335,"Guilt Free desire -1","Using campaign budget",,610,Daily,120247443752180335,"broad 35+",120247443752270335,"secretswap - 4 angles test-21 June",INR,"Join 2,847+ Indian families eating healthier. ","100+ Clinically Reviewed Low-GI Indian Recipes 📚",https://secretswaprecipe.vercel.app/,LEARN_MORE,dd0ed0dd6548a950596a056b6fc569b2,ad_creative_sweets_1781972854192.png_105_105,"guilt free",,
"secretswap - 4 angles test-21 June","broad 35+","Guilt Free desire -1","Guilt Free desire -1",18-24,male,OUTCOME_SALES,2026-06-21,"Join 2,847+ Indian families eating healthier. ",active,ad,"7-day click, 1-day view, or 1-day engaged-view",,,2,1,,0.01,-,-,-,2,5,,,,0,0,,,,,,,,,,,,,,,,,,,,,,,,,,,,,,,,,,,2026-06-21,2026-06-21,Sales,Conversions,AUCTION,2026-06-21,Ongoing,,ABSOLUTE_OCPM,120247443752280335,"Guilt Free desire -1","Using campaign budget",,610,Daily,120247443752180335,"broad 35+",120247443752270335,"secretswap - 4 angles test-21 June",INR,"Join 2,847+ Indian families eating healthier. ","100+ Clinically Reviewed Low-GI Indian Recipes 📚",https://secretswaprecipe.vercel.app/,LEARN_MORE,dd0ed0dd6548a950596a056b6fc569b2,ad_creative_sweets_1781972854192.png_105_105,"guilt free",,
"secretswap - 4 angles test-21 June","broad 35+","Guilt Free desire -1","Guilt Free desire -1",25-34,female,OUTCOME_SALES,2026-06-21,"Join 2,847+ Indian families eating healthier. ",active,ad,"7-day click, 1-day view, or 1-day engaged-view",,,1,1,,0.12,-,-,-,1,120,,,,0,0,,,,,,,,,,,,,,,,,,,,,,,,,,,,,,,,,,,2026-06-21,2026-06-21,Sales,Conversions,AUCTION,2026-06-21,Ongoing,,ABSOLUTE_OCPM,120247443752280335,"Guilt Free desire -1","Using campaign budget",,610,Daily,120247443752180335,"broad 35+",120247443752270335,"secretswap - 4 angles test-21 June",INR,"Join 2,847+ Indian families eating healthier. ","100+ Clinically Reviewed Low-GI Indian Recipes 📚",https://secretswaprecipe.vercel.app/,LEARN_MORE,dd0ed0dd6548a950596a056b6fc569b2,ad_creative_sweets_1781972854192.png_105_105,"guilt free",,
"healthy D recipes","New Sales Ad Set",9,9,25-34,male,OUTCOME_SALES,2026-06-21,"Join 2,847+ Indian families eating healthier. 7-Day Guarantee.Rated 4.9/5 by 14,200+ healthy home cooks.Get 100+ Low-GI Indian Recipes at 80% OFF (Instant Download)",inactive,ad,"7-day click, 1-day view, or 1-day engaged-view",,,2,1,,0.49,-,-,-,2,245,,,,0,0,,,,,,,,,,,,,,,,,,,,,,,,,,,,,,,,,,,2026-06-21,2026-06-21,Sales,Conversions,AUCTION,2026-06-19,Ongoing,,ABSOLUTE_OCPM,120247278208920335,9,"Using campaign budget",,810,Daily,120247276897740335,"New Sales Ad Set",120247276897760335,"healthy D recipes",INR,"Join 2,847+ Indian families eating healthier. 7-Day Guarantee.Rated 4.9/5 by 14,200+ healthy home cooks.Get 100+ Low-GI Indian Recipes at 80% OFF (Instant Download)","100+ Clinically Reviewed Low-GI Indian Recipes 📚",https://diabitic-food-recipe.vercel.app/,LEARN_MORE,04e4dd2a8e17734f2264da49a012c17c,700971189_1338611944796522_8021727401609862275_n.jpg_105_105,1,,
"secretswap - 4 angles test-21 June","broad 35+","Guilt Free desire -1","Guilt Free desire -1",65+,female,OUTCOME_SALES,2026-06-21,"Join 2,847+ Indian families eating healthier. ",active,ad,"7-day click, 1-day view, or 1-day engaged-view",,,1,1,,0,-,-,-,1,0,,,,0,0,,,,,,,,,,,,,,,,,,,,,,,,,,,,,,,,,,,2026-06-21,2026-06-21,Sales,Conversions,AUCTION,2026-06-21,Ongoing,,ABSOLUTE_OCPM,120247443752280335,"Guilt Free desire -1","Using campaign budget",,610,Daily,120247443752180335,"broad 35+",120247443752270335,"secretswap - 4 angles test-21 June",INR,"Join 2,847+ Indian families eating healthier. ","100+ Clinically Reviewed Low-GI Indian Recipes 📚",https://secretswaprecipe.vercel.app/,LEARN_MORE,dd0ed0dd6548a950596a056b6fc569b2,ad_creative_sweets_1781972854192.png_105_105,"guilt free",,
"healthy D recipes","New Sales Ad Set",9,9,35-44,male,OUTCOME_SALES,2026-06-21,"Join 2,847+ Indian families eating healthier. 7-Day Guarantee.Rated 4.9/5 by 14,200+ healthy home cooks.Get 100+ Low-GI Indian Recipes at 80% OFF (Instant Download)",inactive,ad,"7-day click, 1-day view, or 1-day engaged-view",,,1,1,,0.01,-,-,-,1,10,1,0.01,100,1,100,0.01,,,,,,,,,,,,,,,,,,,,,,,,,,,,,,,,,,2026-06-21,2026-06-21,Sales,Conversions,AUCTION,2026-06-19,Ongoing,,ABSOLUTE_OCPM,120247278208920335,9,"Using campaign budget",,810,Daily,120247276897740335,"New Sales Ad Set",120247276897760335,"healthy D recipes",INR,"Join 2,847+ Indian families eating healthier. 7-Day Guarantee.Rated 4.9/5 by 14,200+ healthy home cooks.Get 100+ Low-GI Indian Recipes at 80% OFF (Instant Download)","100+ Clinically Reviewed Low-GI Indian Recipes 📚",https://diabitic-food-recipe.vercel.app/,LEARN_MORE,04e4dd2a8e17734f2264da49a012c17c,700971189_1338611944796522_8021727401609862275_n.jpg_105_105,1,,
"healthy D recipes","New Sales Ad Set",9,9,25-34,female,OUTCOME_SALES,2026-06-21,"Join 2,847+ Indian families eating healthier. 7-Day Guarantee.Rated 4.9/5 by 14,200+ healthy home cooks.Get 100+ Low-GI Indian Recipes at 80% OFF (Instant Download)",inactive,ad,"7-day click, 1-day view, or 1-day engaged-view",,,1,1,,0,-,-,-,1,0,,,,0,0,,,,,,,,,,,,,,,,,,,,,,,,,,,,,,,,,,,2026-06-21,2026-06-21,Sales,Conversions,AUCTION,2026-06-19,Ongoing,,ABSOLUTE_OCPM,120247278208920335,9,"Using campaign budget",,810,Daily,120247276897740335,"New Sales Ad Set",120247276897760335,"healthy D recipes",INR,"Join 2,847+ Indian families eating healthier. 7-Day Guarantee.Rated 4.9/5 by 14,200+ healthy home cooks.Get 100+ Low-GI Indian Recipes at 80% OFF (Instant Download)","100+ Clinically Reviewed Low-GI Indian Recipes 📚",https://diabitic-food-recipe.vercel.app/,LEARN_MORE,04e4dd2a8e17734f2264da49a012c17c,700971189_1338611944796522_8021727401609862275_n.jpg_105_105,1,,
"healthy D recipes","New Sales Ad Set",9,9,55-64,female,OUTCOME_SALES,2026-06-21,"Join 2,847+ Indian families eating healthier. 7-Day Guarantee.Rated 4.9/5 by 14,200+ healthy home cooks.Get 100+ Low-GI Indian Recipes at 80% OFF (Instant Download)",inactive,ad,"7-day click, 1-day view, or 1-day engaged-view",,,1,1,,0.04,-,-,-,1,40,,,,0,0,,,,,,,,,,,,,,,,,,,,,,,,,,,,,,,,,,,2026-06-21,2026-06-21,Sales,Conversions,AUCTION,2026-06-19,Ongoing,,ABSOLUTE_OCPM,120247278208920335,9,"Using campaign budget",,810,Daily,120247276897740335,"New Sales Ad Set",120247276897760335,"healthy D recipes",INR,"Join 2,847+ Indian families eating healthier. 7-Day Guarantee.Rated 4.9/5 by 14,200+ healthy home cooks.Get 100+ Low-GI Indian Recipes at 80% OFF (Instant Download)","100+ Clinically Reviewed Low-GI Indian Recipes 📚",https://diabitic-food-recipe.vercel.app/,LEARN_MORE,04e4dd2a8e17734f2264da49a012c17c,700971189_1338611944796522_8021727401609862275_n.jpg_105_105,1,,
"healthy D recipes","New Sales Ad Set",7,7,65+,male,OUTCOME_SALES,2026-06-21,"Join 2,847+ Indian families eating healthier. 7-Day Guarantee.Rated 4.9/5 by 14,200+ healthy home cooks.Get 100+ Low-GI Indian Recipes at 80% OFF (Instant Download)",active,ad,"7-day click, 1-day view, or 1-day engaged-view",,,1,1,,0.37,-,-,-,1,370,,,,0,0,,,,,,,,,,,,,,,,,,,,,,,,,,,,,,,,,,,2026-06-21,2026-06-21,Sales,Conversions,AUCTION,2026-06-19,Ongoing,,ABSOLUTE_OCPM,120247278131720335,7,"Using campaign budget",,810,Daily,120247276897740335,"New Sales Ad Set",120247276897760335,"healthy D recipes",INR,"Join 2,847+ Indian families eating healthier. 7-Day Guarantee.Rated 4.9/5 by 14,200+ healthy home cooks.Get 100+ Low-GI Indian Recipes at 80% OFF (Instant Download)","100+ Clinically Reviewed Low-GI Indian Recipes 📚",https://diabitic-food-recipe.vercel.app/,LEARN_MORE,cc1f99178902ec85f34b1a3bb9233c8f,679665943_1318595233534060_9039814639623822203_n.jpg,1,,
"secretswap - 4 angles test-21 June","broad 35+","Guilt Free desire -1","Guilt Free desire -1",55-64,male,OUTCOME_SALES,2026-06-21,"Get 100+ Low-GI Indian Recipes at 80% OFF (Instant Download)",active,ad,"7-day click, 1-day view, or 1-day engaged-view",,,3,1,,0.34,-,-,-,3,113.33333333,,,,1,33.33333333,0.34,,,,,,,,,,,,,,,,,,,,,,,,,,,,,,,,,,2026-06-21,2026-06-21,Sales,Conversions,AUCTION,2026-06-21,Ongoing,,ABSOLUTE_OCPM,120247443752280335,"Guilt Free desire -1","Using campaign budget",,610,Daily,120247443752180335,"broad 35+",120247443752270335,"secretswap - 4 angles test-21 June",INR,"Join 2,847+ Indian families eating healthier. ","100+ Clinically Reviewed Low-GI Indian Recipes 📚",https://secretswaprecipe.vercel.app/,LEARN_MORE,dd0ed0dd6548a950596a056b6fc569b2,ad_creative_sweets_1781972854192.png_105_105,"guilt free",,
"healthy D recipes","New Sales Ad Set",7,7,45-54,male,OUTCOME_SALES,2026-06-21,"Join 2,847+ Indian families eating healthier. 7-Day Guarantee.Rated 4.9/5 by 14,200+ healthy home cooks.Get 100+ Low-GI Indian Recipes at 80% OFF (Instant Download)",active,ad,"7-day click, 1-day view, or 1-day engaged-view",,,2,1.5,,0.4,-,-,-,3,133.33333333,,,,0,0,,,,,,,,,,,,,,,,,,,,,,,,,,,,,,,,,,,2026-06-21,2026-06-21,Sales,Conversions,AUCTION,2026-06-19,Ongoing,,ABSOLUTE_OCPM,120247278131720335,7,"Using campaign budget",,810,Daily,120247276897740335,"New Sales Ad Set",120247276897760335,"healthy D recipes",INR,"Join 2,847+ Indian families eating healthier. 7-Day Guarantee.Rated 4.9/5 by 14,200+ healthy home cooks.Get 100+ Low-GI Indian Recipes at 80% OFF (Instant Download)","100+ Clinically Reviewed Low-GI Indian Recipes 📚",https://diabitic-food-recipe.vercel.app/,LEARN_MORE,cc1f99178902ec85f34b1a3bb9233c8f,679665943_1318595233534060_9039814639623822203_n.jpg,1,,
"secretswap - 4 angles test-21 June","broad 35+","Guilt Free desire -1","Guilt Free desire -1",35-44,female,OUTCOME_SALES,2026-06-21,"Get 100+ Low-GI Indian Recipes at 80% OFF (Instant Download)",active,ad,"7-day click, 1-day view, or 1-day engaged-view",,,2,1,,4,-,-,-,2,2000,,,,0,0,,,,,,,,,,,,,,,,,,,,,,,,,,,,,,,,,,,2026-06-21,2026-06-21,Sales,Conversions,AUCTION,2026-06-21,Ongoing,,ABSOLUTE_OCPM,120247443752280335,"Guilt Free desire -1","Using campaign budget",,610,Daily,120247443752180335,"broad 35+",120247443752270335,"secretswap - 4 angles test-21 June",INR,"Join 2,847+ Indian families eating healthier. ","100+ Clinically Reviewed Low-GI Indian Recipes 📚",https://secretswaprecipe.vercel.app/,LEARN_MORE,dd0ed0dd6548a950596a056b6fc569b2,ad_creative_sweets_1781972854192.png_105_105,"guilt free",,
"secretswap - 4 angles test-21 June","broad 35+","Guilt Free desire -1","Guilt Free desire -1",18-24,male,OUTCOME_SALES,2026-06-21,"7-Day Guarantee.Rated 4.9/5 by 2847+ healthy home cooks.",active,ad,"7-day click, 1-day view, or 1-day engaged-view",,,1,1,,0,-,-,-,1,0,,,,0,0,,,,,,,,,,,,,,,,,,,,,,,,,,,,,,,,,,,2026-06-21,2026-06-21,Sales,Conversions,AUCTION,2026-06-21,Ongoing,,ABSOLUTE_OCPM,120247443752280335,"Guilt Free desire -1","Using campaign budget",,610,Daily,120247443752180335,"broad 35+",120247443752270335,"secretswap - 4 angles test-21 June",INR,"Join 2,847+ Indian families eating healthier. ","100+ Clinically Reviewed Low-GI Indian Recipes 📚",https://secretswaprecipe.vercel.app/,LEARN_MORE,dd0ed0dd6548a950596a056b6fc569b2,ad_creative_sweets_1781972854192.png_105_105,"guilt free",,
"secretswap - 4 angles test-21 June","broad 35+","Guilt Free desire -1","Guilt Free desire -1",65+,female,OUTCOME_SALES,2026-06-21,"Get 100+ Low-GI Indian Recipes at 80% OFF (Instant Download)",active,ad,"7-day click, 1-day view, or 1-day engaged-view",,,1,1,,0.25,-,-,-,1,250,,,,0,0,,,,,,,,,,,,,,,,,,,,,,,,,,,,,,,,,,,2026-06-21,2026-06-21,Sales,Conversions,AUCTION,2026-06-21,Ongoing,,ABSOLUTE_OCPM,120247443752280335,"Guilt Free desire -1","Using campaign budget",,610,Daily,120247443752180335,"broad 35+",120247443752270335,"secretswap - 4 angles test-21 June",INR,"Join 2,847+ Indian families eating healthier. ","100+ Clinically Reviewed Low-GI Indian Recipes 📚",https://secretswaprecipe.vercel.app/,LEARN_MORE,dd0ed0dd6548a950596a056b6fc569b2,ad_creative_sweets_1781972854192.png_105_105,"guilt free",,
"secretswap - 4 angles test-21 June","broad 35+","Guilt Free desire -1","Guilt Free desire -1",45-54,female,OUTCOME_SALES,2026-06-21,"Get 100+ Low-GI Indian Recipes at 80% OFF (Instant Download)",active,ad,"7-day click, 1-day view, or 1-day engaged-view",,,3,1,,0.68,-,-,-,3,226.66666667,,,,0,0,,,,,,,,,,,,,,,,,,,,,,,,,,,,,,,,,,,2026-06-21,2026-06-21,Sales,Conversions,AUCTION,2026-06-21,Ongoing,,ABSOLUTE_OCPM,120247443752280335,"Guilt Free desire -1","Using campaign budget",,610,Daily,120247443752180335,"broad 35+",120247443752270335,"secretswap - 4 angles test-21 June",INR,"Join 2,847+ Indian families eating healthier. ","100+ Clinically Reviewed Low-GI Indian Recipes 📚",https://secretswaprecipe.vercel.app/,LEARN_MORE,dd0ed0dd6548a950596a056b6fc569b2,ad_creative_sweets_1781972854192.png_105_105,"guilt free",,
"secretswap - 4 angles test-21 June","broad 35+","Guilt Free desire -1","Guilt Free desire -1",25-34,male,OUTCOME_SALES,2026-06-21,"Get 100+ Low-GI Indian Recipes at 80% OFF (Instant Download)",active,ad,"7-day click, 1-day view, or 1-day engaged-view",,,1,1,,0.97,-,-,-,1,970,,,,0,0,,,,,,,,,,,,,,,,,,,,,,,,,,,,,,,,,,,2026-06-21,2026-06-21,Sales,Conversions,AUCTION,2026-06-21,Ongoing,,ABSOLUTE_OCPM,120247443752280335,"Guilt Free desire -1","Using campaign budget",,610,Daily,120247443752180335,"broad 35+",120247443752270335,"secretswap - 4 angles test-21 June",INR,"Join 2,847+ Indian families eating healthier. ","100+ Clinically Reviewed Low-GI Indian Recipes 📚",https://secretswaprecipe.vercel.app/,LEARN_MORE,dd0ed0dd6548a950596a056b6fc569b2,ad_creative_sweets_1781972854192.png_105_105,"guilt free",,
"secretswap - 4 angles test-21 June","broad 35+","Guilt Free desire -1","Guilt Free desire -1",35-44,male,OUTCOME_SALES,2026-06-21,"Get 100+ Low-GI Indian Recipes at 80% OFF (Instant Download)",active,ad,"7-day click, 1-day view, or 1-day engaged-view",,,1,1,,3.87,-,-,-,1,3870,,,,0,0,,,,,,,,,,,,,,,,,,,,,,,,,,,,,,,,,,,2026-06-21,2026-06-21,Sales,Conversions,AUCTION,2026-06-21,Ongoing,,ABSOLUTE_OCPM,120247443752280335,"Guilt Free desire -1","Using campaign budget",,610,Daily,120247443752180335,"broad 35+",120247443752270335,"secretswap - 4 angles test-21 June",INR,"Join 2,847+ Indian families eating healthier. ","100+ Clinically Reviewed Low-GI Indian Recipes 📚",https://secretswaprecipe.vercel.app/,LEARN_MORE,dd0ed0dd6548a950596a056b6fc569b2,ad_creative_sweets_1781972854192.png_105_105,"guilt free",,
"secretswap - 4 angles test-21 June","broad 35+","Guilt Free desire -1","Guilt Free desire -1",25-34,unknown,OUTCOME_SALES,2026-06-21,"Get 100+ Low-GI Indian Recipes at 80% OFF (Instant Download)",active,ad,"7-day click, 1-day view, or 1-day engaged-view",,,1,1,,0.18,-,-,-,1,180,,,,0,0,,,,,,,,,,,,,,,,,,,,,,,,,,,,,,,,,,,2026-06-21,2026-06-21,Sales,Conversions,AUCTION,2026-06-21,Ongoing,,ABSOLUTE_OCPM,120247443752280335,"Guilt Free desire -1","Using campaign budget",,610,Daily,120247443752180335,"broad 35+",120247443752270335,"secretswap - 4 angles test-21 June",INR,"Join 2,847+ Indian families eating healthier. ","100+ Clinically Reviewed Low-GI Indian Recipes 📚",https://secretswaprecipe.vercel.app/,LEARN_MORE,dd0ed0dd6548a950596a056b6fc569b2,ad_creative_sweets_1781972854192.png_105_105,"guilt free",,
"secretswap - 4 angles test-21 June","broad 35+","Guilt Free desire -1","Guilt Free desire -1",55-64,male,OUTCOME_SALES,2026-06-21,"7-Day Guarantee.Rated 4.9/5 by 2847+ healthy home cooks.",active,ad,"7-day click, 1-day view, or 1-day engaged-view",,,4,1,,0.63,-,-,-,4,157.5,,,,0,0,,,,,,,,,,,,,,,,,,,,,,,,,,,,,,,,,,,2026-06-21,2026-06-21,Sales,Conversions,AUCTION,2026-06-21,Ongoing,,ABSOLUTE_OCPM,120247443752280335,"Guilt Free desire -1","Using campaign budget",,610,Daily,120247443752180335,"broad 35+",120247443752270335,"secretswap - 4 angles test-21 June",INR,"Join 2,847+ Indian families eating healthier. ","100+ Clinically Reviewed Low-GI Indian Recipes 📚",https://secretswaprecipe.vercel.app/,LEARN_MORE,dd0ed0dd6548a950596a056b6fc569b2,ad_creative_sweets_1781972854192.png_105_105,"guilt free",,
"secretswap - 4 angles test-21 June","broad 35+","Guilt Free desire -1","Guilt Free desire -1",25-34,female,OUTCOME_SALES,2026-06-21,"7-Day Guarantee.Rated 4.9/5 by 2847+ healthy home cooks.",active,ad,"7-day click, 1-day view, or 1-day engaged-view",,,1,1,,0.07,-,-,-,1,70,,,,0,0,,,,,,,,,,,,,,,,,,,,,,,,,,,,,,,,,,,2026-06-21,2026-06-21,Sales,Conversions,AUCTION,2026-06-21,Ongoing,,ABSOLUTE_OCPM,120247443752280335,"Guilt Free desire -1","Using campaign budget",,610,Daily,120247443752180335,"broad 35+",120247443752270335,"secretswap - 4 angles test-21 June",INR,"Join 2,847+ Indian families eating healthier. ","100+ Clinically Reviewed Low-GI Indian Recipes 📚",https://secretswaprecipe.vercel.app/,LEARN_MORE,dd0ed0dd6548a950596a056b6fc569b2,ad_creative_sweets_1781972854192.png_105_105,"guilt free",,
"secretswap - 4 angles test-21 June","broad 35+","Guilt Free desire -1","Guilt Free desire -1",65+,male,OUTCOME_SALES,2026-06-21,"7-Day Guarantee.Rated 4.9/5 by 2847+ healthy home cooks.",active,ad,"7-day click, 1-day view, or 1-day engaged-view",,,2,1,,0.26,-,-,-,2,130,,,,0,0,,,,,,,,,,,,,,,,,,,,,,,,,,,,,,,,,,,2026-06-21,2026-06-21,Sales,Conversions,AUCTION,2026-06-21,Ongoing,,ABSOLUTE_OCPM,120247443752280335,"Guilt Free desire -1","Using campaign budget",,610,Daily,120247443752180335,"broad 35+",120247443752270335,"secretswap - 4 angles test-21 June",INR,"Join 2,847+ Indian families eating healthier. ","100+ Clinically Reviewed Low-GI Indian Recipes 📚",https://secretswaprecipe.vercel.app/,LEARN_MORE,dd0ed0dd6548a950596a056b6fc569b2,ad_creative_sweets_1781972854192.png_105_105,"guilt free",,
"secretswap - 4 angles test-21 June","broad 35+","Guilt Free desire -1","Guilt Free desire -1",45-54,female,OUTCOME_SALES,2026-06-21,"7-Day Guarantee.Rated 4.9/5 by 2847+ healthy home cooks.",active,ad,"7-day click, 1-day view, or 1-day engaged-view",,,1,1,,0.15,-,-,-,1,150,,,,0,0,,,,,,,,,,,,,,,,,,,,,,,,,,,,,,,,,,,2026-06-21,2026-06-21,Sales,Conversions,AUCTION,2026-06-21,Ongoing,,ABSOLUTE_OCPM,120247443752280335,"Guilt Free desire -1","Using campaign budget",,610,Daily,120247443752180335,"broad 35+",120247443752270335,"secretswap - 4 angles test-21 June",INR,"Join 2,847+ Indian families eating healthier. ","100+ Clinically Reviewed Low-GI Indian Recipes 📚",https://secretswaprecipe.vercel.app/,LEARN_MORE,dd0ed0dd6548a950596a056b6fc569b2,ad_creative_sweets_1781972854192.png_105_105,"guilt free",,
"secretswap - 4 angles test-21 June","broad 35+","Guilt Free desire -1","Guilt Free desire -1",65+,male,OUTCOME_SALES,2026-06-21,"Join 2,847+ Indian families eating healthier. ",active,ad,"7-day click, 1-day view, or 1-day engaged-view",,,2,1,,0.29,-,-,-,2,145,1,0.29,50,1,50,0.29,,,,,,,,,,,,,,,,,,,,,,,,,,,,,,,,,,2026-06-21,2026-06-21,Sales,Conversions,AUCTION,2026-06-21,Ongoing,,ABSOLUTE_OCPM,120247443752280335,"Guilt Free desire -1","Using campaign budget",,610,Daily,120247443752180335,"broad 35+",120247443752270335,"secretswap - 4 angles test-21 June",INR,"Join 2,847+ Indian families eating healthier. ","100+ Clinically Reviewed Low-GI Indian Recipes 📚",https://secretswaprecipe.vercel.app/,LEARN_MORE,dd0ed0dd6548a950596a056b6fc569b2,ad_creative_sweets_1781972854192.png_105_105,"guilt free",,
"secretswap - 4 angles test-21 June","broad 35+","Guilt Free desire -1","Guilt Free desire -1",25-34,male,OUTCOME_SALES,2026-06-21,"Join 2,847+ Indian families eating healthier. ",active,ad,"7-day click, 1-day view, or 1-day engaged-view",,,4,1,,0.5,-,-,-,4,125,1,0.5,25,1,25,0.5,,,,,,,,,,,,,,,,,,,,,,,,,,,,,,,,,,2026-06-21,2026-06-21,Sales,Conversions,AUCTION,2026-06-21,Ongoing,,ABSOLUTE_OCPM,120247443752280335,"Guilt Free desire -1","Using campaign budget",,610,Daily,120247443752180335,"broad 35+",120247443752270335,"secretswap - 4 angles test-21 June",INR,"Join 2,847+ Indian families eating healthier. ","100+ Clinically Reviewed Low-GI Indian Recipes 📚",https://secretswaprecipe.vercel.app/,LEARN_MORE,dd0ed0dd6548a950596a056b6fc569b2,ad_creative_sweets_1781972854192.png_105_105,"guilt free",,
"secretswap - 4 angles test-21 June","broad 35+","Guilt Free desire -1","Guilt Free desire -1",55-64,female,OUTCOME_SALES,2026-06-21,"Get 100+ Low-GI Indian Recipes at 80% OFF (Instant Download)",active,ad,"7-day click, 1-day view, or 1-day engaged-view",,,1,1,,0,-,-,-,1,0,1,0,100,1,100,0,,,,,,,,,,,,,,,,,,,,,,,,,,,,,,,,,,2026-06-21,2026-06-21,Sales,Conversions,AUCTION,2026-06-21,Ongoing,,ABSOLUTE_OCPM,120247443752280335,"Guilt Free desire -1","Using campaign budget",,610,Daily,120247443752180335,"broad 35+",120247443752270335,"secretswap - 4 angles test-21 June",INR,"Join 2,847+ Indian families eating healthier. ","100+ Clinically Reviewed Low-GI Indian Recipes 📚",https://secretswaprecipe.vercel.app/,LEARN_MORE,dd0ed0dd6548a950596a056b6fc569b2,ad_creative_sweets_1781972854192.png_105_105,"guilt free",,
"secretswap - 4 angles test-21 June","broad 35+","Guilt Free desire -1","Guilt Free desire -1",35-44,male,OUTCOME_SALES,2026-06-21,"7-Day Guarantee.Rated 4.9/5 by 2847+ healthy home cooks.",active,ad,"7-day click, 1-day view, or 1-day engaged-view",,,2,1,,1.32,-,-,-,2,660,1,1.32,50,1,50,1.32,,,,,,,,,,,,,,,,,,,,,,,,,,,,,,,,,,2026-06-21,2026-06-21,Sales,Conversions,AUCTION,2026-06-21,Ongoing,,ABSOLUTE_OCPM,120247443752280335,"Guilt Free desire -1","Using campaign budget",,610,Daily,120247443752180335,"broad 35+",120247443752270335,"secretswap - 4 angles test-21 June",INR,"Join 2,847+ Indian families eating healthier. ","100+ Clinically Reviewed Low-GI Indian Recipes 📚",https://secretswaprecipe.vercel.app/,LEARN_MORE,dd0ed0dd6548a950596a056b6fc569b2,ad_creative_sweets_1781972854192.png_105_105,"guilt free",,
"healthy D recipes","New Sales Ad Set",2,2,35-44,male,OUTCOME_SALES,2026-06-21,"Join 2,847+ Indian families eating healthier. 7-Day Guarantee.Rated 4.9/5 by 14,200+ healthy home cooks.Get 100+ Low-GI Indian Recipes at 80% OFF (Instant Download)",active,ad,"7-day click, 1-day view, or 1-day engaged-view",,,1,1,,0.04,-,-,-,1,40,,,,0,0,,,,,,,,,,,,,,,,,,,,,,,,,,,,,,,,,,,2026-06-21,2026-06-21,Sales,Conversions,AUCTION,2026-06-19,Ongoing,,ABSOLUTE_OCPM,120247277508980335,2,"Using campaign budget",,810,Daily,120247276897740335,"New Sales Ad Set",120247276897760335,"healthy D recipes",INR,"Join 2,847+ Indian families eating healthier. 7-Day Guarantee.Rated 4.9/5 by 14,200+ healthy home cooks.Get 100+ Low-GI Indian Recipes at 80% OFF (Instant Download)","100+ Clinically Reviewed Low-GI Indian Recipes 📚",https://diabitic-food-recipe.vercel.app/,LEARN_MORE,383302feeef1203cf124fb58704edc5a,ad_trust_woman_1781771926884_pro.jpg_105_105,1,,
"healthy D recipes","New Sales Ad Set",7,7,18-24,female,OUTCOME_SALES,2026-06-21,"Join 2,847+ Indian families eating healthier. 7-Day Guarantee.Rated 4.9/5 by 14,200+ healthy home cooks.Get 100+ Low-GI Indian Recipes at 80% OFF (Instant Download)",active,ad,"7-day click, 1-day view, or 1-day engaged-view",,,1,1,,0,-,-,-,1,0,,,,0,0,,,,,,,,,,,,,,,,,,,,,,,,,,,,,,,,,,,2026-06-21,2026-06-21,Sales,Conversions,AUCTION,2026-06-19,Ongoing,,ABSOLUTE_OCPM,120247278131720335,7,"Using campaign budget",,810,Daily,120247276897740335,"New Sales Ad Set",120247276897760335,"healthy D recipes",INR,"Join 2,847+ Indian families eating healthier. 7-Day Guarantee.Rated 4.9/5 by 14,200+ healthy home cooks.Get 100+ Low-GI Indian Recipes at 80% OFF (Instant Download)","100+ Clinically Reviewed Low-GI Indian Recipes 📚",https://diabitic-food-recipe.vercel.app/,LEARN_MORE,cc1f99178902ec85f34b1a3bb9233c8f,679665943_1318595233534060_9039814639623822203_n.jpg,1,,
"healthy D recipes","New Sales Ad Set",7,7,45-54,female,OUTCOME_SALES,2026-06-21,"Join 2,847+ Indian families eating healthier. 7-Day Guarantee.Rated 4.9/5 by 14,200+ healthy home cooks.Get 100+ Low-GI Indian Recipes at 80% OFF (Instant Download)",active,ad,"7-day click, 1-day view, or 1-day engaged-view",,,1,1,,0.78,-,-,-,1,780,,,,0,0,,,,,,,,,,,,,,,,,,,,,,,,,,,,,,,,,,,2026-06-21,2026-06-21,Sales,Conversions,AUCTION,2026-06-19,Ongoing,,ABSOLUTE_OCPM,120247278131720335,7,"Using campaign budget",,810,Daily,120247276897740335,"New Sales Ad Set",120247276897760335,"healthy D recipes",INR,"Join 2,847+ Indian families eating healthier. 7-Day Guarantee.Rated 4.9/5 by 14,200+ healthy home cooks.Get 100+ Low-GI Indian Recipes at 80% OFF (Instant Download)","100+ Clinically Reviewed Low-GI Indian Recipes 📚",https://diabitic-food-recipe.vercel.app/,LEARN_MORE,cc1f99178902ec85f34b1a3bb9233c8f,679665943_1318595233534060_9039814639623822203_n.jpg,1,,
"healthy D recipes","New Sales Ad Set",7,7,18-24,male,OUTCOME_SALES,2026-06-21,"Join 2,847+ Indian families eating healthier. 7-Day Guarantee.Rated 4.9/5 by 14,200+ healthy home cooks.Get 100+ Low-GI Indian Recipes at 80% OFF (Instant Download)",active,ad,"7-day click, 1-day view, or 1-day engaged-view",,,2,1,,0.01,-,-,-,2,5,,,,0,0,,,,,,,,,,,,,,,,,,,,,,,,,,,,,,,,,,,2026-06-21,2026-06-21,Sales,Conversions,AUCTION,2026-06-19,Ongoing,,ABSOLUTE_OCPM,120247278131720335,7,"Using campaign budget",,810,Daily,120247276897740335,"New Sales Ad Set",120247276897760335,"healthy D recipes",INR,"Join 2,847+ Indian families eating healthier. 7-Day Guarantee.Rated 4.9/5 by 14,200+ healthy home cooks.Get 100+ Low-GI Indian Recipes at 80% OFF (Instant Download)","100+ Clinically Reviewed Low-GI Indian Recipes 📚",https://diabitic-food-recipe.vercel.app/,LEARN_MORE,cc1f99178902ec85f34b1a3bb9233c8f,679665943_1318595233534060_9039814639623822203_n.jpg,1,,
"healthy D recipes","New Sales Ad Set",4,4,35-44,female,OUTCOME_SALES,2026-06-21,"Join 2,847+ Indian families eating healthier. 7-Day Guarantee.Rated 4.9/5 by 14,200+ healthy home cooks.Get 100+ Low-GI Indian Recipes at 80% OFF (Instant Download)",active,ad,"7-day click, 1-day view, or 1-day engaged-view",,,1,1,,0.46,-,-,-,1,460,,,,0,0,,,,,,,,,,,,,,,,,,,,,,,,,,,,,,,,,,,2026-06-21,2026-06-21,Sales,Conversions,AUCTION,2026-06-19,Ongoing,,ABSOLUTE_OCPM,120247277679480335,4,"Using campaign budget",,810,Daily,120247276897740335,"New Sales Ad Set",120247276897760335,"healthy D recipes",INR,"Join 2,847+ Indian families eating healthier. 7-Day Guarantee.Rated 4.9/5 by 14,200+ healthy home cooks.Get 100+ Low-GI Indian Recipes at 80% OFF (Instant Download)","100+ Clinically Reviewed Low-GI Indian Recipes 📚",https://diabitic-food-recipe.vercel.app/,LEARN_MORE,3550162ac480cf934e2af8c073841097,ad_thali_premium_1781771853282_pro.jpg_105,1,,
"healthy D recipes","New Sales Ad Set",8,8,25-34,male,OUTCOME_SALES,2026-06-21,"Join 2,847+ Indian families eating healthier. 7-Day Guarantee.Rated 4.9/5 by 14,200+ healthy home cooks.Get 100+ Low-GI Indian Recipes at 80% OFF (Instant Download)",active,ad,"7-day click, 1-day view, or 1-day engaged-view",,,1,2,,1.73,-,-,-,2,865,,,,0,0,,,,,,,,,,,,,,,,,,,,,,,,,,,,,,,,,,,2026-06-21,2026-06-21,Sales,Conversions,AUCTION,2026-06-19,Ongoing,,ABSOLUTE_OCPM,120247278162920335,8,"Using campaign budget",,810,Daily,120247276897740335,"New Sales Ad Set",120247276897760335,"healthy D recipes",INR,"Join 2,847+ Indian families eating healthier. 7-Day Guarantee.Rated 4.9/5 by 14,200+ healthy home cooks.Get 100+ Low-GI Indian Recipes at 80% OFF (Instant Download)","100+ Clinically Reviewed Low-GI Indian Recipes 📚",https://diabitic-food-recipe.vercel.app/,LEARN_MORE,7fb56a66d26daf5f5319d432f85b0d3e,715465146_2147447319445005_4414003214102813962_n.jpg_105_105,1,,
"secretswap - 4 angles test-21 June","broad 35+","Convenience & Family - 2","Convenience & Family - 2",55-64,male,OUTCOME_SALES,2026-06-21,"7-Day Guarantee.Rated 4.9/5 by 2847+ healthy home cooks.",active,ad,"7-day click, 1-day view, or 1-day engaged-view",,,2,1,,0.12,-,-,-,2,60,,,,0,0,,,,,,,,,,,,,,,,,,,,,,,,,,,,,,,,,,,2026-06-21,2026-06-21,Sales,Conversions,AUCTION,2026-06-21,Ongoing,,ABSOLUTE_OCPM,120247445893700335,"Convenience & Family - 2","Using campaign budget",,610,Daily,120247443752180335,"broad 35+",120247443752270335,"secretswap - 4 angles test-21 June",INR,"Join 2,847+ Indian families eating healthier. ","100+ Clinically Reviewed Low-GI Indian Recipes 📚",https://secretswaprecipe.vercel.app/,LEARN_MORE,d28c67a72599aed176d689522503b263,ad_creative_thali_1781972868839.png_105_105,convienience,,
"secretswap - 4 angles test-21 June","broad 35+","Convenience & Family - 2","Convenience & Family - 2",18-24,female,OUTCOME_SALES,2026-06-21,"7-Day Guarantee.Rated 4.9/5 by 2847+ healthy home cooks.",active,ad,"7-day click, 1-day view, or 1-day engaged-view",,,2,1,,0.72,-,-,-,2,360,,,,0,0,,,,,,,,,,,,,,,,,,,,,,,,,,,,,,,,,,,2026-06-21,2026-06-21,Sales,Conversions,AUCTION,2026-06-21,Ongoing,,ABSOLUTE_OCPM,120247445893700335,"Convenience & Family - 2","Using campaign budget",,610,Daily,120247443752180335,"broad 35+",120247443752270335,"secretswap - 4 angles test-21 June",INR,"Join 2,847+ Indian families eating healthier. ","100+ Clinically Reviewed Low-GI Indian Recipes 📚",https://secretswaprecipe.vercel.app/,LEARN_MORE,d28c67a72599aed176d689522503b263,ad_creative_thali_1781972868839.png_105_105,convienience,,
"secretswap - 4 angles test-21 June","broad 35+","Convenience & Family - 2","Convenience & Family - 2",45-54,female,OUTCOME_SALES,2026-06-21,"7-Day Guarantee.Rated 4.9/5 by 2847+ healthy home cooks.",active,ad,"7-day click, 1-day view, or 1-day engaged-view",,,12,1.08333333,,13.61,-,-,-,13,1046.92307692,,,,0,0,,,,,,,,,,,,,,,,,,,,,,,,,,,,,,,,,,,2026-06-21,2026-06-21,Sales,Conversions,AUCTION,2026-06-21,Ongoing,,ABSOLUTE_OCPM,120247445893700335,"Convenience & Family - 2","Using campaign budget",,610,Daily,120247443752180335,"broad 35+",120247443752270335,"secretswap - 4 angles test-21 June",INR,"Join 2,847+ Indian families eating healthier. ","100+ Clinically Reviewed Low-GI Indian Recipes 📚",https://secretswaprecipe.vercel.app/,LEARN_MORE,d28c67a72599aed176d689522503b263,ad_creative_thali_1781972868839.png_105_105,convienience,,
"secretswap - 4 angles test-21 June","broad 35+","Convenience & Family - 2","Convenience & Family - 2",65+,female,OUTCOME_SALES,2026-06-21,"7-Day Guarantee.Rated 4.9/5 by 2847+ healthy home cooks.",active,ad,"7-day click, 1-day view, or 1-day engaged-view",,,1,1,,5.16,-,-,-,1,5160,,,,0,0,,,,,,,,,,,,,,,,,,,,,,,,,,,,,,,,,,,2026-06-21,2026-06-21,Sales,Conversions,AUCTION,2026-06-21,Ongoing,,ABSOLUTE_OCPM,120247445893700335,"Convenience & Family - 2","Using campaign budget",,610,Daily,120247443752180335,"broad 35+",120247443752270335,"secretswap - 4 angles test-21 June",INR,"Join 2,847+ Indian families eating healthier. ","100+ Clinically Reviewed Low-GI Indian Recipes 📚",https://secretswaprecipe.vercel.app/,LEARN_MORE,d28c67a72599aed176d689522503b263,ad_creative_thali_1781972868839.png_105_105,convienience,,
"secretswap - 4 angles test-21 June","broad 35+","Convenience & Family - 2","Convenience & Family - 2",45-54,female,OUTCOME_SALES,2026-06-21,"Get 100+ Low-GI Indian Recipes at 80% OFF (Instant Download)",active,ad,"7-day click, 1-day view, or 1-day engaged-view",,,1,1,,1.52,-,-,-,1,1520,,,,0,0,,,,,,,,,,,,,,,,,,,,,,,,,,,,,,,,,,,2026-06-21,2026-06-21,Sales,Conversions,AUCTION,2026-06-21,Ongoing,,ABSOLUTE_OCPM,120247445893700335,"Convenience & Family - 2","Using campaign budget",,610,Daily,120247443752180335,"broad 35+",120247443752270335,"secretswap - 4 angles test-21 June",INR,"Join 2,847+ Indian families eating healthier. ","100+ Clinically Reviewed Low-GI Indian Recipes 📚",https://secretswaprecipe.vercel.app/,LEARN_MORE,d28c67a72599aed176d689522503b263,ad_creative_thali_1781972868839.png_105_105,convienience,,
"secretswap - 4 angles test-21 June","broad 35+","Convenience & Family - 2","Convenience & Family - 2",45-54,male,OUTCOME_SALES,2026-06-21,"Get 100+ Low-GI Indian Recipes at 80% OFF (Instant Download)",active,ad,"7-day click, 1-day view, or 1-day engaged-view",,,2,1,,0.66,-,-,-,2,330,,,,0,0,,,,,,,,,,,,,,,,,,,,,,,,,,,,,,,,,,,2026-06-21,2026-06-21,Sales,Conversions,AUCTION,2026-06-21,Ongoing,,ABSOLUTE_OCPM,120247445893700335,"Convenience & Family - 2","Using campaign budget",,610,Daily,120247443752180335,"broad 35+",120247443752270335,"secretswap - 4 angles test-21 June",INR,"Join 2,847+ Indian families eating healthier. ","100+ Clinically Reviewed Low-GI Indian Recipes 📚",https://secretswaprecipe.vercel.app/,LEARN_MORE,d28c67a72599aed176d689522503b263,ad_creative_thali_1781972868839.png_105_105,convienience,,
"secretswap - 4 angles test-21 June","broad 35+","Convenience & Family - 2","Convenience & Family - 2",65+,male,OUTCOME_SALES,2026-06-21,"Get 100+ Low-GI Indian Recipes at 80% OFF (Instant Download)",active,ad,"7-day click, 1-day view, or 1-day engaged-view",,,4,1,,1.33,-,-,-,4,332.5,,,,0,0,,,,,,,,,,,,,,,,,,,,,,,,,,,,,,,,,,,2026-06-21,2026-06-21,Sales,Conversions,AUCTION,2026-06-21,Ongoing,,ABSOLUTE_OCPM,120247445893700335,"Convenience & Family - 2","Using campaign budget",,610,Daily,120247443752180335,"broad 35+",120247443752270335,"secretswap - 4 angles test-21 June",INR,"Join 2,847+ Indian families eating healthier. ","100+ Clinically Reviewed Low-GI Indian Recipes 📚",https://secretswaprecipe.vercel.app/,LEARN_MORE,d28c67a72599aed176d689522503b263,ad_creative_thali_1781972868839.png_105_105,convienience,,
"secretswap - 4 angles test-21 June","broad 35+","Convenience & Family - 2","Convenience & Family - 2",55-64,unknown,OUTCOME_SALES,2026-06-21,"Get 100+ Low-GI Indian Recipes at 80% OFF (Instant Download)",active,ad,"7-day click, 1-day view, or 1-day engaged-view",,,1,1,,0.02,-,-,-,1,20,,,,0,0,,,,,,,,,,,,,,,,,,,,,,,,,,,,,,,,,,,2026-06-21,2026-06-21,Sales,Conversions,AUCTION,2026-06-21,Ongoing,,ABSOLUTE_OCPM,120247445893700335,"Convenience & Family - 2","Using campaign budget",,610,Daily,120247443752180335,"broad 35+",120247443752270335,"secretswap - 4 angles test-21 June",INR,"Join 2,847+ Indian families eating healthier. ","100+ Clinically Reviewed Low-GI Indian Recipes 📚",https://secretswaprecipe.vercel.app/,LEARN_MORE,d28c67a72599aed176d689522503b263,ad_creative_thali_1781972868839.png_105_105,convienience,,
"secretswap - 4 angles test-21 June","broad 35+","Convenience & Family - 2","Convenience & Family - 2",35-44,female,OUTCOME_SALES,2026-06-21,"Join 2,847+ Indian families eating healthier. ",active,ad,"7-day click, 1-day view, or 1-day engaged-view",,,1,1,,0.2,-,-,-,1,200,,,,0,0,,,,,,,,,,,,,,,,,,,,,,,,,,,,,,,,,,,2026-06-21,2026-06-21,Sales,Conversions,AUCTION,2026-06-21,Ongoing,,ABSOLUTE_OCPM,120247445893700335,"Convenience & Family - 2","Using campaign budget",,610,Daily,120247443752180335,"broad 35+",120247443752270335,"secretswap - 4 angles test-21 June",INR,"Join 2,847+ Indian families eating healthier. ","100+ Clinically Reviewed Low-GI Indian Recipes 📚",https://secretswaprecipe.vercel.app/,LEARN_MORE,d28c67a72599aed176d689522503b263,ad_creative_thali_1781972868839.png_105_105,convienience,,
"secretswap - 4 angles test-21 June","broad 35+","Convenience & Family - 2","Convenience & Family - 2",55-64,female,OUTCOME_SALES,2026-06-21,"Join 2,847+ Indian families eating healthier. ",active,ad,"7-day click, 1-day view, or 1-day engaged-view",,,2,1,,12.83,-,-,-,2,6415,,,,0,0,,,,,,,,,,,,,,,,,,,,,,,,,,,,,,,,,,,2026-06-21,2026-06-21,Sales,Conversions,AUCTION,2026-06-21,Ongoing,,ABSOLUTE_OCPM,120247445893700335,"Convenience & Family - 2","Using campaign budget",,610,Daily,120247443752180335,"broad 35+",120247443752270335,"secretswap - 4 angles test-21 June",INR,"Join 2,847+ Indian families eating healthier. ","100+ Clinically Reviewed Low-GI Indian Recipes 📚",https://secretswaprecipe.vercel.app/,LEARN_MORE,d28c67a72599aed176d689522503b263,ad_creative_thali_1781972868839.png_105_105,convienience,,
"secretswap - 4 angles test-21 June","broad 35+","Convenience & Family - 2","Convenience & Family - 2",18-24,male,OUTCOME_SALES,2026-06-21,"Join 2,847+ Indian families eating healthier. ",active,ad,"7-day click, 1-day view, or 1-day engaged-view",,,1,1,,0.01,-,-,-,1,10,,,,0,0,,,,,,,,,,,,,,,,,,,,,,,,,,,,,,,,,,,2026-06-21,2026-06-21,Sales,Conversions,AUCTION,2026-06-21,Ongoing,,ABSOLUTE_OCPM,120247445893700335,"Convenience & Family - 2","Using campaign budget",,610,Daily,120247443752180335,"broad 35+",120247443752270335,"secretswap - 4 angles test-21 June",INR,"Join 2,847+ Indian families eating healthier. ","100+ Clinically Reviewed Low-GI Indian Recipes 📚",https://secretswaprecipe.vercel.app/,LEARN_MORE,d28c67a72599aed176d689522503b263,ad_creative_thali_1781972868839.png_105_105,convienience,,
"secretswap - 4 angles test-21 June","broad 35+","Convenience & Family - 2","Convenience & Family - 2",65+,male,OUTCOME_SALES,2026-06-21,"Join 2,847+ Indian families eating healthier. ",active,ad,"7-day click, 1-day view, or 1-day engaged-view",,,1,1,,0.34,-,-,-,1,340,,,,0,0,,,,,,,,,,,,,,,,,,,,,,,,,,,,,,,,,,,2026-06-21,2026-06-21,Sales,Conversions,AUCTION,2026-06-21,Ongoing,,ABSOLUTE_OCPM,120247445893700335,"Convenience & Family - 2","Using campaign budget",,610,Daily,120247443752180335,"broad 35+",120247443752270335,"secretswap - 4 angles test-21 June",INR,"Join 2,847+ Indian families eating healthier. ","100+ Clinically Reviewed Low-GI Indian Recipes 📚",https://secretswaprecipe.vercel.app/,LEARN_MORE,d28c67a72599aed176d689522503b263,ad_creative_thali_1781972868839.png_105_105,convienience,,
"secretswap - 4 angles test-21 June","broad 35+","Convenience & Family - 2","Convenience & Family - 2",45-54,female,OUTCOME_SALES,2026-06-21,"Join 2,847+ Indian families eating healthier. ",active,ad,"7-day click, 1-day view, or 1-day engaged-view",,,1,1,,0.31,-,-,-,1,310,,,,0,0,,,,,,,,,,,,,,,,,,,,,,,,,,,,,,,,,,,2026-06-21,2026-06-21,Sales,Conversions,AUCTION,2026-06-21,Ongoing,,ABSOLUTE_OCPM,120247445893700335,"Convenience & Family - 2","Using campaign budget",,610,Daily,120247443752180335,"broad 35+",120247443752270335,"secretswap - 4 angles test-21 June",INR,"Join 2,847+ Indian families eating healthier. ","100+ Clinically Reviewed Low-GI Indian Recipes 📚",https://secretswaprecipe.vercel.app/,LEARN_MORE,d28c67a72599aed176d689522503b263,ad_creative_thali_1781972868839.png_105_105,convienience,,
"healthy D recipes","New Sales Ad Set",8,8,65+,male,OUTCOME_SALES,2026-06-21,"Join 2,847+ Indian families eating healthier. 7-Day Guarantee.Rated 4.9/5 by 14,200+ healthy home cooks.Get 100+ Low-GI Indian Recipes at 80% OFF (Instant Download)",active,ad,"7-day click, 1-day view, or 1-day engaged-view",,,2,1,,0,-,-,-,2,0,,,,0,0,,,,,,,,,,,,,,,,,,,,,,,,,,,,,,,,,,,2026-06-21,2026-06-21,Sales,Conversions,AUCTION,2026-06-19,Ongoing,,ABSOLUTE_OCPM,120247278162920335,8,"Using campaign budget",,810,Daily,120247276897740335,"New Sales Ad Set",120247276897760335,"healthy D recipes",INR,"Join 2,847+ Indian families eating healthier. 7-Day Guarantee.Rated 4.9/5 by 14,200+ healthy home cooks.Get 100+ Low-GI Indian Recipes at 80% OFF (Instant Download)","100+ Clinically Reviewed Low-GI Indian Recipes 📚",https://diabitic-food-recipe.vercel.app/,LEARN_MORE,7fb56a66d26daf5f5319d432f85b0d3e,715465146_2147447319445005_4414003214102813962_n.jpg_105_105,1,,
"healthy D recipes","New Sales Ad Set",8,8,45-54,male,OUTCOME_SALES,2026-06-21,"Join 2,847+ Indian families eating healthier. 7-Day Guarantee.Rated 4.9/5 by 14,200+ healthy home cooks.Get 100+ Low-GI Indian Recipes at 80% OFF (Instant Download)",active,ad,"7-day click, 1-day view, or 1-day engaged-view",,,5,1,,1.71,-,-,-,5,342,,,,0,0,,,,,,,,,,,,,,,,,,,,,,,,,,,,,,,,,,,2026-06-21,2026-06-21,Sales,Conversions,AUCTION,2026-06-19,Ongoing,,ABSOLUTE_OCPM,120247278162920335,8,"Using campaign budget",,810,Daily,120247276897740335,"New Sales Ad Set",120247276897760335,"healthy D recipes",INR,"Join 2,847+ Indian families eating healthier. 7-Day Guarantee.Rated 4.9/5 by 14,200+ healthy home cooks.Get 100+ Low-GI Indian Recipes at 80% OFF (Instant Download)","100+ Clinically Reviewed Low-GI Indian Recipes 📚",https://diabitic-food-recipe.vercel.app/,LEARN_MORE,7fb56a66d26daf5f5319d432f85b0d3e,715465146_2147447319445005_4414003214102813962_n.jpg_105_105,1,,
"secretswap - 4 angles test-21 June","broad 35+","Convenience & Family - 2","Convenience & Family - 2",65+,male,OUTCOME_SALES,2026-06-21,"7-Day Guarantee.Rated 4.9/5 by 2847+ healthy home cooks.",active,ad,"7-day click, 1-day view, or 1-day engaged-view",,,2,1,,1.37,-,-,-,2,685,,,,0,0,,,,,,,,,,,,,,,,,,,,,,,,,,,,,,,,,,,2026-06-21,2026-06-21,Sales,Conversions,AUCTION,2026-06-21,Ongoing,,ABSOLUTE_OCPM,120247445893700335,"Convenience & Family - 2","Using campaign budget",,610,Daily,120247443752180335,"broad 35+",120247443752270335,"secretswap - 4 angles test-21 June",INR,"Join 2,847+ Indian families eating healthier. ","100+ Clinically Reviewed Low-GI Indian Recipes 📚",https://secretswaprecipe.vercel.app/,LEARN_MORE,d28c67a72599aed176d689522503b263,ad_creative_thali_1781972868839.png_105_105,convienience,,
"healthy D recipes","New Sales Ad Set",6,6,55-64,female,OUTCOME_SALES,2026-06-21,"Join 2,847+ Indian families eating healthier. 7-Day Guarantee.Rated 4.9/5 by 14,200+ healthy home cooks.Get 100+ Low-GI Indian Recipes at 80% OFF (Instant Download)",active,ad,"7-day click, 1-day view, or 1-day engaged-view",,,3,1.33333333,,0.07,-,-,-,4,17.5,,,,0,0,,,,,,,,,,,,,,,,,,,,,,,,,,,,,,,,,,,2026-06-21,2026-06-21,Sales,Conversions,AUCTION,2026-06-19,Ongoing,,ABSOLUTE_OCPM,120247278020580335,6,"Using campaign budget",,810,Daily,120247276897740335,"New Sales Ad Set",120247276897760335,"healthy D recipes",INR,"Join 2,847+ Indian families eating healthier. 7-Day Guarantee.Rated 4.9/5 by 14,200+ healthy home cooks.Get 100+ Low-GI Indian Recipes at 80% OFF (Instant Download)","100+ Clinically Reviewed Low-GI Indian Recipes 📚",https://diabitic-food-recipe.vercel.app/,LEARN_MORE,baffa04e41128188b6c99b8b59976bc9,ad_sweet_guiltfree_1781771893831_pro.jpg_105,1,,
"healthy D recipes","New Sales Ad Set",6,6,65+,male,OUTCOME_SALES,2026-06-21,"Join 2,847+ Indian families eating healthier. 7-Day Guarantee.Rated 4.9/5 by 14,200+ healthy home cooks.Get 100+ Low-GI Indian Recipes at 80% OFF (Instant Download)",active,ad,"7-day click, 1-day view, or 1-day engaged-view",,,4,1,,5.85,-,-,-,4,1462.5,,,,0,0,,,,,,,,,,,,,,,,,,,,,,,,,,,,,,,,,,,2026-06-21,2026-06-21,Sales,Conversions,AUCTION,2026-06-19,Ongoing,,ABSOLUTE_OCPM,120247278020580335,6,"Using campaign budget",,810,Daily,120247276897740335,"New Sales Ad Set",120247276897760335,"healthy D recipes",INR,"Join 2,847+ Indian families eating healthier. 7-Day Guarantee.Rated 4.9/5 by 14,200+ healthy home cooks.Get 100+ Low-GI Indian Recipes at 80% OFF (Instant Download)","100+ Clinically Reviewed Low-GI Indian Recipes 📚",https://diabitic-food-recipe.vercel.app/,LEARN_MORE,baffa04e41128188b6c99b8b59976bc9,ad_sweet_guiltfree_1781771893831_pro.jpg_105,1,,
"healthy D recipes","New Sales Ad Set",6,6,45-54,female,OUTCOME_SALES,2026-06-21,"Join 2,847+ Indian families eating healthier. 7-Day Guarantee.Rated 4.9/5 by 14,200+ healthy home cooks.Get 100+ Low-GI Indian Recipes at 80% OFF (Instant Download)",active,ad,"7-day click, 1-day view, or 1-day engaged-view",,,3,1,,0.84,-,-,-,3,280,,,,0,0,,,,,,,,,,,,,,,,,,,,,,,,,,,,,,,,,,,2026-06-21,2026-06-21,Sales,Conversions,AUCTION,2026-06-19,Ongoing,,ABSOLUTE_OCPM,120247278020580335,6,"Using campaign budget",,810,Daily,120247276897740335,"New Sales Ad Set",120247276897760335,"healthy D recipes",INR,"Join 2,847+ Indian families eating healthier. 7-Day Guarantee.Rated 4.9/5 by 14,200+ healthy home cooks.Get 100+ Low-GI Indian Recipes at 80% OFF (Instant Download)","100+ Clinically Reviewed Low-GI Indian Recipes 📚",https://diabitic-food-recipe.vercel.app/,LEARN_MORE,baffa04e41128188b6c99b8b59976bc9,ad_sweet_guiltfree_1781771893831_pro.jpg_105,1,,
"healthy D recipes","New Sales Ad Set",6,6,35-44,male,OUTCOME_SALES,2026-06-21,"Join 2,847+ Indian families eating healthier. 7-Day Guarantee.Rated 4.9/5 by 14,200+ healthy home cooks.Get 100+ Low-GI Indian Recipes at 80% OFF (Instant Download)",active,ad,"7-day click, 1-day view, or 1-day engaged-view",,,1,1,,0,-,-,-,1,0,,,,0,0,,,,,,,,,,,,,,,,,,,,,,,,,,,,,,,,,,,2026-06-21,2026-06-21,Sales,Conversions,AUCTION,2026-06-19,Ongoing,,ABSOLUTE_OCPM,120247278020580335,6,"Using campaign budget",,810,Daily,120247276897740335,"New Sales Ad Set",120247276897760335,"healthy D recipes",INR,"Join 2,847+ Indian families eating healthier. 7-Day Guarantee.Rated 4.9/5 by 14,200+ healthy home cooks.Get 100+ Low-GI Indian Recipes at 80% OFF (Instant Download)","100+ Clinically Reviewed Low-GI Indian Recipes 📚",https://diabitic-food-recipe.vercel.app/,LEARN_MORE,baffa04e41128188b6c99b8b59976bc9,ad_sweet_guiltfree_1781771893831_pro.jpg_105,1,,
"healthy D recipes","New Sales Ad Set",6,6,55-64,male,OUTCOME_SALES,2026-06-21,"Join 2,847+ Indian families eating healthier. 7-Day Guarantee.Rated 4.9/5 by 14,200+ healthy home cooks.Get 100+ Low-GI Indian Recipes at 80% OFF (Instant Download)",active,ad,"7-day click, 1-day view, or 1-day engaged-view",,,3,1,,0.1,-,-,-,3,33.33333333,,,,0,0,,,,,,,,,,,,,,,,,,,,,,,,,,,,,,,,,,,2026-06-21,2026-06-21,Sales,Conversions,AUCTION,2026-06-19,Ongoing,,ABSOLUTE_OCPM,120247278020580335,6,"Using campaign budget",,810,Daily,120247276897740335,"New Sales Ad Set",120247276897760335,"healthy D recipes",INR,"Join 2,847+ Indian families eating healthier. 7-Day Guarantee.Rated 4.9/5 by 14,200+ healthy home cooks.Get 100+ Low-GI Indian Recipes at 80% OFF (Instant Download)","100+ Clinically Reviewed Low-GI Indian Recipes 📚",https://diabitic-food-recipe.vercel.app/,LEARN_MORE,baffa04e41128188b6c99b8b59976bc9,ad_sweet_guiltfree_1781771893831_pro.jpg_105,1,,
"healthy D recipes","New Sales Ad Set",6,6,65+,female,OUTCOME_SALES,2026-06-21,"Join 2,847+ Indian families eating healthier. 7-Day Guarantee.Rated 4.9/5 by 14,200+ healthy home cooks.Get 100+ Low-GI Indian Recipes at 80% OFF (Instant Download)",active,ad,"7-day click, 1-day view, or 1-day engaged-view",,,1,1,,1.05,-,-,-,1,1050,,,,0,0,,,,,,,,,,,,,,,,,,,,,,,,,,,,,,,,,,,2026-06-21,2026-06-21,Sales,Conversions,AUCTION,2026-06-19,Ongoing,,ABSOLUTE_OCPM,120247278020580335,6,"Using campaign budget",,810,Daily,120247276897740335,"New Sales Ad Set",120247276897760335,"healthy D recipes",INR,"Join 2,847+ Indian families eating healthier. 7-Day Guarantee.Rated 4.9/5 by 14,200+ healthy home cooks.Get 100+ Low-GI Indian Recipes at 80% OFF (Instant Download)","100+ Clinically Reviewed Low-GI Indian Recipes 📚",https://diabitic-food-recipe.vercel.app/,LEARN_MORE,baffa04e41128188b6c99b8b59976bc9,ad_sweet_guiltfree_1781771893831_pro.jpg_105,1,,
"healthy D recipes","New Sales Ad Set",6,6,35-44,female,OUTCOME_SALES,2026-06-21,"Join 2,847+ Indian families eating healthier. 7-Day Guarantee.Rated 4.9/5 by 14,200+ healthy home cooks.Get 100+ Low-GI Indian Recipes at 80% OFF (Instant Download)",active,ad,"7-day click, 1-day view, or 1-day engaged-view",,,1,1,,0.01,-,-,-,1,10,,,,0,0,,,,,,,,,,,,,,,,,,,,,,,,,,,,,,,,,,,2026-06-21,2026-06-21,Sales,Conversions,AUCTION,2026-06-19,Ongoing,,ABSOLUTE_OCPM,120247278020580335,6,"Using campaign budget",,810,Daily,120247276897740335,"New Sales Ad Set",120247276897760335,"healthy D recipes",INR,"Join 2,847+ Indian families eating healthier. 7-Day Guarantee.Rated 4.9/5 by 14,200+ healthy home cooks.Get 100+ Low-GI Indian Recipes at 80% OFF (Instant Download)","100+ Clinically Reviewed Low-GI Indian Recipes 📚",https://diabitic-food-recipe.vercel.app/,LEARN_MORE,baffa04e41128188b6c99b8b59976bc9,ad_sweet_guiltfree_1781771893831_pro.jpg_105,1,,
"healthy D recipes","New Sales Ad Set",4,4,45-54,female,OUTCOME_SALES,2026-06-21,"Join 2,847+ Indian families eating healthier. 7-Day Guarantee.Rated 4.9/5 by 14,200+ healthy home cooks.Get 100+ Low-GI Indian Recipes at 80% OFF (Instant Download)",active,ad,"7-day click, 1-day view, or 1-day engaged-view",,,1,1,,0.68,-,-,-,1,680,,,,0,0,,,,,,,,,,,,,,,,,,,,,,,,,,,,,,,,,,,2026-06-21,2026-06-21,Sales,Conversions,AUCTION,2026-06-19,Ongoing,,ABSOLUTE_OCPM,120247277679480335,4,"Using campaign budget",,810,Daily,120247276897740335,"New Sales Ad Set",120247276897760335,"healthy D recipes",INR,"Join 2,847+ Indian families eating healthier. 7-Day Guarantee.Rated 4.9/5 by 14,200+ healthy home cooks.Get 100+ Low-GI Indian Recipes at 80% OFF (Instant Download)","100+ Clinically Reviewed Low-GI Indian Recipes 📚",https://diabitic-food-recipe.vercel.app/,LEARN_MORE,3550162ac480cf934e2af8c073841097,ad_thali_premium_1781771853282_pro.jpg_105,1,,
"healthy D recipes","New Sales Ad Set",8,8,55-64,male,OUTCOME_SALES,2026-06-21,"Join 2,847+ Indian families eating healthier. 7-Day Guarantee.Rated 4.9/5 by 14,200+ healthy home cooks.Get 100+ Low-GI Indian Recipes at 80% OFF (Instant Download)",active,ad,"7-day click, 1-day view, or 1-day engaged-view",,,5,1.2,,2.23,-,-,-,6,371.66666667,,,,0,0,,,,,,,,,,,,,,,,,,,,,,,,,,,,,,,,,,,2026-06-21,2026-06-21,Sales,Conversions,AUCTION,2026-06-19,Ongoing,,ABSOLUTE_OCPM,120247278162920335,8,"Using campaign budget",,810,Daily,120247276897740335,"New Sales Ad Set",120247276897760335,"healthy D recipes",INR,"Join 2,847+ Indian families eating healthier. 7-Day Guarantee.Rated 4.9/5 by 14,200+ healthy home cooks.Get 100+ Low-GI Indian Recipes at 80% OFF (Instant Download)","100+ Clinically Reviewed Low-GI Indian Recipes 📚",https://diabitic-food-recipe.vercel.app/,LEARN_MORE,7fb56a66d26daf5f5319d432f85b0d3e,715465146_2147447319445005_4414003214102813962_n.jpg_105_105,1,,
"healthy D recipes","New Sales Ad Set",7,7,65+,female,OUTCOME_SALES,2026-06-21,"Join 2,847+ Indian families eating healthier. 7-Day Guarantee.Rated 4.9/5 by 14,200+ healthy home cooks.Get 100+ Low-GI Indian Recipes at 80% OFF (Instant Download)",active,ad,"7-day click, 1-day view, or 1-day engaged-view",,,1,1,,0.01,-,-,-,1,10,,,,0,0,,,,,,,,,,,,,,,,,,,,,,,,,,,,,,,,,,,2026-06-21,2026-06-21,Sales,Conversions,AUCTION,2026-06-19,Ongoing,,ABSOLUTE_OCPM,120247278131720335,7,"Using campaign budget",,810,Daily,120247276897740335,"New Sales Ad Set",120247276897760335,"healthy D recipes",INR,"Join 2,847+ Indian families eating healthier. 7-Day Guarantee.Rated 4.9/5 by 14,200+ healthy home cooks.Get 100+ Low-GI Indian Recipes at 80% OFF (Instant Download)","100+ Clinically Reviewed Low-GI Indian Recipes 📚",https://diabitic-food-recipe.vercel.app/,LEARN_MORE,cc1f99178902ec85f34b1a3bb9233c8f,679665943_1318595233534060_9039814639623822203_n.jpg,1,,
"healthy D recipes","New Sales Ad Set",4,4,18-24,male,OUTCOME_SALES,2026-06-21,"Join 2,847+ Indian families eating healthier. 7-Day Guarantee.Rated 4.9/5 by 14,200+ healthy home cooks.Get 100+ Low-GI Indian Recipes at 80% OFF (Instant Download)",active,ad,"7-day click, 1-day view, or 1-day engaged-view",,,1,1,,0,-,-,-,1,0,,,,0,0,,,,,,,,,,,,,,,,,,,,,,,,,,,,,,,,,,,2026-06-21,2026-06-21,Sales,Conversions,AUCTION,2026-06-19,Ongoing,,ABSOLUTE_OCPM,120247277679480335,4,"Using campaign budget",,810,Daily,120247276897740335,"New Sales Ad Set",120247276897760335,"healthy D recipes",INR,"Join 2,847+ Indian families eating healthier. 7-Day Guarantee.Rated 4.9/5 by 14,200+ healthy home cooks.Get 100+ Low-GI Indian Recipes at 80% OFF (Instant Download)","100+ Clinically Reviewed Low-GI Indian Recipes 📚",https://diabitic-food-recipe.vercel.app/,LEARN_MORE,3550162ac480cf934e2af8c073841097,ad_thali_premium_1781771853282_pro.jpg_105,1,,
"healthy D recipes","New Sales Ad Set",4,4,18-24,female,OUTCOME_SALES,2026-06-21,"Join 2,847+ Indian families eating healthier. 7-Day Guarantee.Rated 4.9/5 by 14,200+ healthy home cooks.Get 100+ Low-GI Indian Recipes at 80% OFF (Instant Download)",active,ad,"7-day click, 1-day view, or 1-day engaged-view",,,1,1,,0.02,-,-,-,1,20,,,,0,0,,,,,,,,,,,,,,,,,,,,,,,,,,,,,,,,,,,2026-06-21,2026-06-21,Sales,Conversions,AUCTION,2026-06-19,Ongoing,,ABSOLUTE_OCPM,120247277679480335,4,"Using campaign budget",,810,Daily,120247276897740335,"New Sales Ad Set",120247276897760335,"healthy D recipes",INR,"Join 2,847+ Indian families eating healthier. 7-Day Guarantee.Rated 4.9/5 by 14,200+ healthy home cooks.Get 100+ Low-GI Indian Recipes at 80% OFF (Instant Download)","100+ Clinically Reviewed Low-GI Indian Recipes 📚",https://diabitic-food-recipe.vercel.app/,LEARN_MORE,3550162ac480cf934e2af8c073841097,ad_thali_premium_1781771853282_pro.jpg_105,1,,
"healthy D recipes","New Sales Ad Set",4,4,45-54,male,OUTCOME_SALES,2026-06-21,"Join 2,847+ Indian families eating healthier. 7-Day Guarantee.Rated 4.9/5 by 14,200+ healthy home cooks.Get 100+ Low-GI Indian Recipes at 80% OFF (Instant Download)",active,ad,"7-day click, 1-day view, or 1-day engaged-view",,,2,1,,1.28,-,-,-,2,640,,,,0,0,,,,,,,,,,,,,,,,,,,,,,,,,,,,,,,,,,,2026-06-21,2026-06-21,Sales,Conversions,AUCTION,2026-06-19,Ongoing,,ABSOLUTE_OCPM,120247277679480335,4,"Using campaign budget",,810,Daily,120247276897740335,"New Sales Ad Set",120247276897760335,"healthy D recipes",INR,"Join 2,847+ Indian families eating healthier. 7-Day Guarantee.Rated 4.9/5 by 14,200+ healthy home cooks.Get 100+ Low-GI Indian Recipes at 80% OFF (Instant Download)","100+ Clinically Reviewed Low-GI Indian Recipes 📚",https://diabitic-food-recipe.vercel.app/,LEARN_MORE,3550162ac480cf934e2af8c073841097,ad_thali_premium_1781771853282_pro.jpg_105,1,,
"healthy D recipes","New Sales Ad Set",8,8,35-44,male,OUTCOME_SALES,2026-06-21,"Join 2,847+ Indian families eating healthier. 7-Day Guarantee.Rated 4.9/5 by 14,200+ healthy home cooks.Get 100+ Low-GI Indian Recipes at 80% OFF (Instant Download)",active,ad,"7-day click, 1-day view, or 1-day engaged-view",,,1,1,,0,-,-,-,1,0,,,,0,0,,,,,,,,,,,,,,,,,,,,,,,,,,,,,,,,,,,2026-06-21,2026-06-21,Sales,Conversions,AUCTION,2026-06-19,Ongoing,,ABSOLUTE_OCPM,120247278162920335,8,"Using campaign budget",,810,Daily,120247276897740335,"New Sales Ad Set",120247276897760335,"healthy D recipes",INR,"Join 2,847+ Indian families eating healthier. 7-Day Guarantee.Rated 4.9/5 by 14,200+ healthy home cooks.Get 100+ Low-GI Indian Recipes at 80% OFF (Instant Download)","100+ Clinically Reviewed Low-GI Indian Recipes 📚",https://diabitic-food-recipe.vercel.app/,LEARN_MORE,7fb56a66d26daf5f5319d432f85b0d3e,715465146_2147447319445005_4414003214102813962_n.jpg_105_105,1,,
"healthy D recipes","New Sales Ad Set",8,8,45-54,female,OUTCOME_SALES,2026-06-21,"Join 2,847+ Indian families eating healthier. 7-Day Guarantee.Rated 4.9/5 by 14,200+ healthy home cooks.Get 100+ Low-GI Indian Recipes at 80% OFF (Instant Download)",active,ad,"7-day click, 1-day view, or 1-day engaged-view",,,2,1,,0.86,-,-,-,2,430,,,,0,0,,,,,,,,,,,,,,,,,,,,,,,,,,,,,,,,,,,2026-06-21,2026-06-21,Sales,Conversions,AUCTION,2026-06-19,Ongoing,,ABSOLUTE_OCPM,120247278162920335,8,"Using campaign budget",,810,Daily,120247276897740335,"New Sales Ad Set",120247276897760335,"healthy D recipes",INR,"Join 2,847+ Indian families eating healthier. 7-Day Guarantee.Rated 4.9/5 by 14,200+ healthy home cooks.Get 100+ Low-GI Indian Recipes at 80% OFF (Instant Download)","100+ Clinically Reviewed Low-GI Indian Recipes 📚",https://diabitic-food-recipe.vercel.app/,LEARN_MORE,7fb56a66d26daf5f5319d432f85b0d3e,715465146_2147447319445005_4414003214102813962_n.jpg_105_105,1,,
"secretswap - 4 angles test-21 June","broad 35+","Convenience & Family - 2","Convenience & Family - 2",45-54,male,OUTCOME_SALES,2026-06-21,"7-Day Guarantee.Rated 4.9/5 by 2847+ healthy home cooks.",active,ad,"7-day click, 1-day view, or 1-day engaged-view",,,4,1,,2.21,-,-,-,4,552.5,,,,0,0,,,,,,,,,,,,,,,,,,,,,,,,,,,,,,,,,,,2026-06-21,2026-06-21,Sales,Conversions,AUCTION,2026-06-21,Ongoing,,ABSOLUTE_OCPM,120247445893700335,"Convenience & Family - 2","Using campaign budget",,610,Daily,120247443752180335,"broad 35+",120247443752270335,"secretswap - 4 angles test-21 June",INR,"Join 2,847+ Indian families eating healthier. ","100+ Clinically Reviewed Low-GI Indian Recipes 📚",https://secretswaprecipe.vercel.app/,LEARN_MORE,d28c67a72599aed176d689522503b263,ad_creative_thali_1781972868839.png_105_105,convienience,,
"healthy D recipes","New Sales Ad Set",4,4,25-34,male,OUTCOME_SALES,2026-06-21,"Join 2,847+ Indian families eating healthier. 7-Day Guarantee.Rated 4.9/5 by 14,200+ healthy home cooks.Get 100+ Low-GI Indian Recipes at 80% OFF (Instant Download)",active,ad,"7-day click, 1-day view, or 1-day engaged-view",,,1,1,,0.01,-,-,-,1,10,,,,0,0,,,,,,,,,,,,,,,,,,,,,,,,,,,,,,,,,,,2026-06-21,2026-06-21,Sales,Conversions,AUCTION,2026-06-19,Ongoing,,ABSOLUTE_OCPM,120247277679480335,4,"Using campaign budget",,810,Daily,120247276897740335,"New Sales Ad Set",120247276897760335,"healthy D recipes",INR,"Join 2,847+ Indian families eating healthier. 7-Day Guarantee.Rated 4.9/5 by 14,200+ healthy home cooks.Get 100+ Low-GI Indian Recipes at 80% OFF (Instant Download)","100+ Clinically Reviewed Low-GI Indian Recipes 📚",https://diabitic-food-recipe.vercel.app/,LEARN_MORE,3550162ac480cf934e2af8c073841097,ad_thali_premium_1781771853282_pro.jpg_105,1,,
"secretswap - 4 angles test-21 June","broad 35+","Convenience & Family - 2","Convenience & Family - 2",35-44,female,OUTCOME_SALES,2026-06-21,"7-Day Guarantee.Rated 4.9/5 by 2847+ healthy home cooks.",active,ad,"7-day click, 1-day view, or 1-day engaged-view",,,3,1,,1.38,-,-,-,3,460,,,,0,0,,,,,,,,,,,,,,,,,,,,,,,,,,,,,,,,,,,2026-06-21,2026-06-21,Sales,Conversions,AUCTION,2026-06-21,Ongoing,,ABSOLUTE_OCPM,120247445893700335,"Convenience & Family - 2","Using campaign budget",,610,Daily,120247443752180335,"broad 35+",120247443752270335,"secretswap - 4 angles test-21 June",INR,"Join 2,847+ Indian families eating healthier. ","100+ Clinically Reviewed Low-GI Indian Recipes 📚",https://secretswaprecipe.vercel.app/,LEARN_MORE,d28c67a72599aed176d689522503b263,ad_creative_thali_1781972868839.png_105_105,convienience,,
"secretswap - 4 angles test-21 June","broad 35+","Flavor Focus - 4","Flavor Focus - 4",55-64,male,OUTCOME_SALES,2026-06-21,"Join 2,847+ Indian families eating healthier. ",active,ad,"7-day click, 1-day view, or 1-day engaged-view",,,10,1,,2.94,-,-,-,10,294,3,0.98,30,4,40,0.735,,,,,,,,,,,,,,,,,,,,,,,,,,,,,,,,,,2026-06-21,2026-06-21,Sales,Conversions,AUCTION,2026-06-21,Ongoing,,ABSOLUTE_OCPM,120247446284390335,"Flavor Focus - 4","Using campaign budget",,610,Daily,120247443752180335,"broad 35+",120247443752270335,"secretswap - 4 angles test-21 June",INR,"Join 2,847+ Indian families eating healthier. ","100+ Clinically Reviewed Low-GI Indian Recipes 📚",https://secretswaprecipe.vercel.app/,LEARN_MORE,42de942a5042d3e34c452b63760836a3,ad_creative_compliant_curry_1781973167022.png_105_105,flavor,,
"secretswap - 4 angles test-21 June","broad 35+","Flavor Focus - 4","Flavor Focus - 4",55-64,male,OUTCOME_SALES,2026-06-21,"7-Day Guarantee.Rated 4.9/5 by 2847+ healthy home cooks.",active,ad,"7-day click, 1-day view, or 1-day engaged-view",,,1,1,,1.04,-,-,-,1,1040,,,,1,100,1.04,,,,,,,,,,,,,,,,,,,,,,,,,,,,,,,,,,2026-06-21,2026-06-21,Sales,Conversions,AUCTION,2026-06-21,Ongoing,,ABSOLUTE_OCPM,120247446284390335,"Flavor Focus - 4","Using campaign budget",,610,Daily,120247443752180335,"broad 35+",120247443752270335,"secretswap - 4 angles test-21 June",INR,"Join 2,847+ Indian families eating healthier. ","100+ Clinically Reviewed Low-GI Indian Recipes 📚",https://secretswaprecipe.vercel.app/,LEARN_MORE,42de942a5042d3e34c452b63760836a3,ad_creative_compliant_curry_1781973167022.png_105_105,flavor,,
"secretswap - 4 angles test-21 June","broad 35+","Flavor Focus - 4","Flavor Focus - 4",45-54,male,OUTCOME_SALES,2026-06-21,"7-Day Guarantee.Rated 4.9/5 by 2847+ healthy home cooks.",active,ad,"7-day click, 1-day view, or 1-day engaged-view",,,1,1,,0.04,-,-,-,1,40,,,,0,0,,,,,,,,,,,,,,,,,,,,,,,,,,,,,,,,,,,2026-06-21,2026-06-21,Sales,Conversions,AUCTION,2026-06-21,Ongoing,,ABSOLUTE_OCPM,120247446284390335,"Flavor Focus - 4","Using campaign budget",,610,Daily,120247443752180335,"broad 35+",120247443752270335,"secretswap - 4 angles test-21 June",INR,"Join 2,847+ Indian families eating healthier. ","100+ Clinically Reviewed Low-GI Indian Recipes 📚",https://secretswaprecipe.vercel.app/,LEARN_MORE,42de942a5042d3e34c452b63760836a3,ad_creative_compliant_curry_1781973167022.png_105_105,flavor,,
"secretswap - 4 angles test-21 June","broad 35+","Flavor Focus - 4","Flavor Focus - 4",25-34,male,OUTCOME_SALES,2026-06-21,"7-Day Guarantee.Rated 4.9/5 by 2847+ healthy home cooks.",active,ad,"7-day click, 1-day view, or 1-day engaged-view",,,1,1,,0.29,-,-,-,1,290,,,,0,0,,,,,,,,,,,,,,,,,,,,,,,,,,,,,,,,,,,2026-06-21,2026-06-21,Sales,Conversions,AUCTION,2026-06-21,Ongoing,,ABSOLUTE_OCPM,120247446284390335,"Flavor Focus - 4","Using campaign budget",,610,Daily,120247443752180335,"broad 35+",120247443752270335,"secretswap - 4 angles test-21 June",INR,"Join 2,847+ Indian families eating healthier. ","100+ Clinically Reviewed Low-GI Indian Recipes 📚",https://secretswaprecipe.vercel.app/,LEARN_MORE,42de942a5042d3e34c452b63760836a3,ad_creative_compliant_curry_1781973167022.png_105_105,flavor,,
"secretswap - 4 angles test-21 June","broad 35+","Flavor Focus - 4","Flavor Focus - 4",45-54,female,OUTCOME_SALES,2026-06-21,"7-Day Guarantee.Rated 4.9/5 by 2847+ healthy home cooks.",active,ad,"7-day click, 1-day view, or 1-day engaged-view",,,1,1,,0.93,-,-,-,1,930,,,,0,0,,,,,,,,,,,,,,,,,,,,,,,,,,,,,,,,,,,2026-06-21,2026-06-21,Sales,Conversions,AUCTION,2026-06-21,Ongoing,,ABSOLUTE_OCPM,120247446284390335,"Flavor Focus - 4","Using campaign budget",,610,Daily,120247443752180335,"broad 35+",120247443752270335,"secretswap - 4 angles test-21 June",INR,"Join 2,847+ Indian families eating healthier. ","100+ Clinically Reviewed Low-GI Indian Recipes 📚",https://secretswaprecipe.vercel.app/,LEARN_MORE,42de942a5042d3e34c452b63760836a3,ad_creative_compliant_curry_1781973167022.png_105_105,flavor,,
"secretswap - 4 angles test-21 June","broad 35+","Flavor Focus - 4","Flavor Focus - 4",65+,female,OUTCOME_SALES,2026-06-21,"7-Day Guarantee.Rated 4.9/5 by 2847+ healthy home cooks.",active,ad,"7-day click, 1-day view, or 1-day engaged-view",,,1,1,,0,-,-,-,1,0,,,,0,0,,,,,,,,,,,,,,,,,,,,,,,,,,,,,,,,,,,2026-06-21,2026-06-21,Sales,Conversions,AUCTION,2026-06-21,Ongoing,,ABSOLUTE_OCPM,120247446284390335,"Flavor Focus - 4","Using campaign budget",,610,Daily,120247443752180335,"broad 35+",120247443752270335,"secretswap - 4 angles test-21 June",INR,"Join 2,847+ Indian families eating healthier. ","100+ Clinically Reviewed Low-GI Indian Recipes 📚",https://secretswaprecipe.vercel.app/,LEARN_MORE,42de942a5042d3e34c452b63760836a3,ad_creative_compliant_curry_1781973167022.png_105_105,flavor,,
"secretswap - 4 angles test-21 June","broad 35+","Flavor Focus - 4","Flavor Focus - 4",35-44,male,OUTCOME_SALES,2026-06-21,"7-Day Guarantee.Rated 4.9/5 by 2847+ healthy home cooks.",active,ad,"7-day click, 1-day view, or 1-day engaged-view",,,1,1,,0.11,-,-,-,1,110,,,,0,0,,,,,,,,,,,,,,,,,,,,,,,,,,,,,,,,,,,2026-06-21,2026-06-21,Sales,Conversions,AUCTION,2026-06-21,Ongoing,,ABSOLUTE_OCPM,120247446284390335,"Flavor Focus - 4","Using campaign budget",,610,Daily,120247443752180335,"broad 35+",120247443752270335,"secretswap - 4 angles test-21 June",INR,"Join 2,847+ Indian families eating healthier. ","100+ Clinically Reviewed Low-GI Indian Recipes 📚",https://secretswaprecipe.vercel.app/,LEARN_MORE,42de942a5042d3e34c452b63760836a3,ad_creative_compliant_curry_1781973167022.png_105_105,flavor,,
"secretswap - 4 angles test-21 June","broad 35+","Authority & Trust - 3","Authority & Trust - 3",55-64,female,OUTCOME_SALES,2026-06-21,"Join 2,847+ Indian families eating healthier. ",active,ad,"7-day click, 1-day view, or 1-day engaged-view",,,1,1,,0.22,-,-,-,1,220,,,,0,0,,,,,,,,,,,,,,,,,,,,,,,,,,,,,,,,,,,2026-06-21,2026-06-21,Sales,Conversions,AUCTION,2026-06-21,Ongoing,,ABSOLUTE_OCPM,120247446022930335,"Authority & Trust - 3","Using campaign budget",,610,Daily,120247443752180335,"broad 35+",120247443752270335,"secretswap - 4 angles test-21 June",INR,"Join 2,847+ Indian families eating healthier. ","100+ Clinically Reviewed Low-GI Indian Recipes 📚",https://secretswaprecipe.vercel.app/,LEARN_MORE,eb81ae947432ec6d45c464c470f51fa9,ad_creative_trust_1781972880994.png_105_105,authority,,
"secretswap - 4 angles test-21 June","broad 35+","Flavor Focus - 4","Flavor Focus - 4",45-54,female,OUTCOME_SALES,2026-06-21,"Get 100+ Low-GI Indian Recipes at 80% OFF (Instant Download)",active,ad,"7-day click, 1-day view, or 1-day engaged-view",,,3,1,,2.5,-,-,-,3,833.33333333,,,,0,0,,,,,,,,,,,,,,,,,,,,,,,,,,,,,,,,,,,2026-06-21,2026-06-21,Sales,Conversions,AUCTION,2026-06-21,Ongoing,,ABSOLUTE_OCPM,120247446284390335,"Flavor Focus - 4","Using campaign budget",,610,Daily,120247443752180335,"broad 35+",120247443752270335,"secretswap - 4 angles test-21 June",INR,"Join 2,847+ Indian families eating healthier. ","100+ Clinically Reviewed Low-GI Indian Recipes 📚",https://secretswaprecipe.vercel.app/,LEARN_MORE,42de942a5042d3e34c452b63760836a3,ad_creative_compliant_curry_1781973167022.png_105_105,flavor,,
"secretswap - 4 angles test-21 June","broad 35+","Authority & Trust - 3","Authority & Trust - 3",45-54,male,OUTCOME_SALES,2026-06-21,"Join 2,847+ Indian families eating healthier. ",active,ad,"7-day click, 1-day view, or 1-day engaged-view",,,2,1.5,,2.7,-,-,-,3,900,,,,0,0,,,,,,,,,,,,,,,,,,,,,,,,,,,,,,,,,,,2026-06-21,2026-06-21,Sales,Conversions,AUCTION,2026-06-21,Ongoing,,ABSOLUTE_OCPM,120247446022930335,"Authority & Trust - 3","Using campaign budget",,610,Daily,120247443752180335,"broad 35+",120247443752270335,"secretswap - 4 angles test-21 June",INR,"Join 2,847+ Indian families eating healthier. ","100+ Clinically Reviewed Low-GI Indian Recipes 📚",https://secretswaprecipe.vercel.app/,LEARN_MORE,eb81ae947432ec6d45c464c470f51fa9,ad_creative_trust_1781972880994.png_105_105,authority,,
"secretswap - 4 angles test-21 June","broad 35+","Authority & Trust - 3","Authority & Trust - 3",35-44,male,OUTCOME_SALES,2026-06-21,"Join 2,847+ Indian families eating healthier. ",active,ad,"7-day click, 1-day view, or 1-day engaged-view",,,2,1,,5.67,-,-,-,2,2835,,,,0,0,,,,,,,,,,,,,,,,,,,,,,,,,,,,,,,,,,,2026-06-21,2026-06-21,Sales,Conversions,AUCTION,2026-06-21,Ongoing,,ABSOLUTE_OCPM,120247446022930335,"Authority & Trust - 3","Using campaign budget",,610,Daily,120247443752180335,"broad 35+",120247443752270335,"secretswap - 4 angles test-21 June",INR,"Join 2,847+ Indian families eating healthier. ","100+ Clinically Reviewed Low-GI Indian Recipes 📚",https://secretswaprecipe.vercel.app/,LEARN_MORE,eb81ae947432ec6d45c464c470f51fa9,ad_creative_trust_1781972880994.png_105_105,authority,,
"secretswap - 4 angles test-21 June","broad 35+","Authority & Trust - 3","Authority & Trust - 3",55-64,male,OUTCOME_SALES,2026-06-21,"Join 2,847+ Indian families eating healthier. ",active,ad,"7-day click, 1-day view, or 1-day engaged-view",,,1,1,,0.6,-,-,-,1,600,,,,0,0,,,,,,,,,,,,,,,,,,,,,,,,,,,,,,,,,,,2026-06-21,2026-06-21,Sales,Conversions,AUCTION,2026-06-21,Ongoing,,ABSOLUTE_OCPM,120247446022930335,"Authority & Trust - 3","Using campaign budget",,610,Daily,120247443752180335,"broad 35+",120247443752270335,"secretswap - 4 angles test-21 June",INR,"Join 2,847+ Indian families eating healthier. ","100+ Clinically Reviewed Low-GI Indian Recipes 📚",https://secretswaprecipe.vercel.app/,LEARN_MORE,eb81ae947432ec6d45c464c470f51fa9,ad_creative_trust_1781972880994.png_105_105,authority,,
"secretswap - 4 angles test-21 June","broad 35+","Authority & Trust - 3","Authority & Trust - 3",65+,female,OUTCOME_SALES,2026-06-21,"Join 2,847+ Indian families eating healthier. ",active,ad,"7-day click, 1-day view, or 1-day engaged-view",,,1,1,,0.25,-,-,-,1,250,,,,0,0,,,,,,,,,,,,,,,,,,,,,,,,,,,,,,,,,,,2026-06-21,2026-06-21,Sales,Conversions,AUCTION,2026-06-21,Ongoing,,ABSOLUTE_OCPM,120247446022930335,"Authority & Trust - 3","Using campaign budget",,610,Daily,120247443752180335,"broad 35+",120247443752270335,"secretswap - 4 angles test-21 June",INR,"Join 2,847+ Indian families eating healthier. ","100+ Clinically Reviewed Low-GI Indian Recipes 📚",https://secretswaprecipe.vercel.app/,LEARN_MORE,eb81ae947432ec6d45c464c470f51fa9,ad_creative_trust_1781972880994.png_105_105,authority,,
"secretswap - 4 angles test-21 June","broad 35+","Authority & Trust - 3","Authority & Trust - 3",45-54,male,OUTCOME_SALES,2026-06-21,"7-Day Guarantee.Rated 4.9/5 by 2847+ healthy home cooks.",active,ad,"7-day click, 1-day view, or 1-day engaged-view",,,1,1,,0.42,-,-,-,1,420,,,,0,0,,,,,,,,,,,,,,,,,,,,,,,,,,,,,,,,,,,2026-06-21,2026-06-21,Sales,Conversions,AUCTION,2026-06-21,Ongoing,,ABSOLUTE_OCPM,120247446022930335,"Authority & Trust - 3","Using campaign budget",,610,Daily,120247443752180335,"broad 35+",120247443752270335,"secretswap - 4 angles test-21 June",INR,"Join 2,847+ Indian families eating healthier. ","100+ Clinically Reviewed Low-GI Indian Recipes 📚",https://secretswaprecipe.vercel.app/,LEARN_MORE,eb81ae947432ec6d45c464c470f51fa9,ad_creative_trust_1781972880994.png_105_105,authority,,
"secretswap - 4 angles test-21 June","broad 35+","Convenience & Family - 2","Convenience & Family - 2",25-34,male,OUTCOME_SALES,2026-06-21,"7-Day Guarantee.Rated 4.9/5 by 2847+ healthy home cooks.",active,ad,"7-day click, 1-day view, or 1-day engaged-view",,,1,1,,0.1,-,-,-,1,100,,,,0,0,,,,,,,,,,,,,,,,,,,,,,,,,,,,,,,,,,,2026-06-21,2026-06-21,Sales,Conversions,AUCTION,2026-06-21,Ongoing,,ABSOLUTE_OCPM,120247445893700335,"Convenience & Family - 2","Using campaign budget",,610,Daily,120247443752180335,"broad 35+",120247443752270335,"secretswap - 4 angles test-21 June",INR,"Join 2,847+ Indian families eating healthier. ","100+ Clinically Reviewed Low-GI Indian Recipes 📚",https://secretswaprecipe.vercel.app/,LEARN_MORE,d28c67a72599aed176d689522503b263,ad_creative_thali_1781972868839.png_105_105,convienience,,
"secretswap - 4 angles test-21 June","broad 35+","Flavor Focus - 4","Flavor Focus - 4",65+,female,OUTCOME_SALES,2026-06-21,"Get 100+ Low-GI Indian Recipes at 80% OFF (Instant Download)",active,ad,"7-day click, 1-day view, or 1-day engaged-view",,,2,1,,0.31,-,-,-,2,155,,,,1,50,0.31,,,,,,,,,,,,,,,,,,,,,,,,,,,,,,,,,,2026-06-21,2026-06-21,Sales,Conversions,AUCTION,2026-06-21,Ongoing,,ABSOLUTE_OCPM,120247446284390335,"Flavor Focus - 4","Using campaign budget",,610,Daily,120247443752180335,"broad 35+",120247443752270335,"secretswap - 4 angles test-21 June",INR,"Join 2,847+ Indian families eating healthier. ","100+ Clinically Reviewed Low-GI Indian Recipes 📚",https://secretswaprecipe.vercel.app/,LEARN_MORE,42de942a5042d3e34c452b63760836a3,ad_creative_compliant_curry_1781973167022.png_105_105,flavor,,
"secretswap - 4 angles test-21 June","broad 35+","Flavor Focus - 4","Flavor Focus - 4",55-64,female,OUTCOME_SALES,2026-06-21,"7-Day Guarantee.Rated 4.9/5 by 2847+ healthy home cooks.",active,ad,"7-day click, 1-day view, or 1-day engaged-view",,,2,1,,0.98,-,-,-,2,490,1,0.98,50,1,50,0.98,,,,,,,,,,,,,,,,,,,,,,,,,,,,,,,,,,2026-06-21,2026-06-21,Sales,Conversions,AUCTION,2026-06-21,Ongoing,,ABSOLUTE_OCPM,120247446284390335,"Flavor Focus - 4","Using campaign budget",,610,Daily,120247443752180335,"broad 35+",120247443752270335,"secretswap - 4 angles test-21 June",INR,"Join 2,847+ Indian families eating healthier. ","100+ Clinically Reviewed Low-GI Indian Recipes 📚",https://secretswaprecipe.vercel.app/,LEARN_MORE,42de942a5042d3e34c452b63760836a3,ad_creative_compliant_curry_1781973167022.png_105_105,flavor,,
"secretswap - 4 angles test-21 June","broad 35+","Flavor Focus - 4","Flavor Focus - 4",35-44,male,OUTCOME_SALES,2026-06-21,"Get 100+ Low-GI Indian Recipes at 80% OFF (Instant Download)",active,ad,"7-day click, 1-day view, or 1-day engaged-view",,,2,1,,1.65,-,-,-,2,825,,,,1,50,1.65,,,,,,,,,,,,,,,,,,,,,,,,,,,,,,,,,,2026-06-21,2026-06-21,Sales,Conversions,AUCTION,2026-06-21,Ongoing,,ABSOLUTE_OCPM,120247446284390335,"Flavor Focus - 4","Using campaign budget",,610,Daily,120247443752180335,"broad 35+",120247443752270335,"secretswap - 4 angles test-21 June",INR,"Join 2,847+ Indian families eating healthier. ","100+ Clinically Reviewed Low-GI Indian Recipes 📚",https://secretswaprecipe.vercel.app/,LEARN_MORE,42de942a5042d3e34c452b63760836a3,ad_creative_compliant_curry_1781973167022.png_105_105,flavor,,
"secretswap - 4 angles test-21 June","broad 35+","Flavor Focus - 4","Flavor Focus - 4",35-44,male,OUTCOME_SALES,2026-06-21,"Join 2,847+ Indian families eating healthier. ",active,ad,"7-day click, 1-day view, or 1-day engaged-view",,,1,1,,0.05,-,-,-,1,50,,,,0,0,,,,,,,,,,,,,,,,,,,,,,,,,,,,,,,,,,,2026-06-21,2026-06-21,Sales,Conversions,AUCTION,2026-06-21,Ongoing,,ABSOLUTE_OCPM,120247446284390335,"Flavor Focus - 4","Using campaign budget",,610,Daily,120247443752180335,"broad 35+",120247443752270335,"secretswap - 4 angles test-21 June",INR,"Join 2,847+ Indian families eating healthier. ","100+ Clinically Reviewed Low-GI Indian Recipes 📚",https://secretswaprecipe.vercel.app/,LEARN_MORE,42de942a5042d3e34c452b63760836a3,ad_creative_compliant_curry_1781973167022.png_105_105,flavor,,
"secretswap - 4 angles test-21 June","broad 35+","Convenience & Family - 2","Convenience & Family - 2",25-34,female,OUTCOME_SALES,2026-06-21,"7-Day Guarantee.Rated 4.9/5 by 2847+ healthy home cooks.",active,ad,"7-day click, 1-day view, or 1-day engaged-view",,,1,1,,0.9,-,-,-,1,900,,,,0,0,,,,,,,,,,,,,,,,,,,,,,,,,,,,,,,,,,,2026-06-21,2026-06-21,Sales,Conversions,AUCTION,2026-06-21,Ongoing,,ABSOLUTE_OCPM,120247445893700335,"Convenience & Family - 2","Using campaign budget",,610,Daily,120247443752180335,"broad 35+",120247443752270335,"secretswap - 4 angles test-21 June",INR,"Join 2,847+ Indian families eating healthier. ","100+ Clinically Reviewed Low-GI Indian Recipes 📚",https://secretswaprecipe.vercel.app/,LEARN_MORE,d28c67a72599aed176d689522503b263,ad_creative_thali_1781972868839.png_105_105,convienience,,
"secretswap - 4 angles test-21 June","broad 35+","Flavor Focus - 4","Flavor Focus - 4",55-64,male,OUTCOME_SALES,2026-06-21,"Get 100+ Low-GI Indian Recipes at 80% OFF (Instant Download)",active,ad,"7-day click, 1-day view, or 1-day engaged-view",,,6,1,,7.08,-,-,-,6,1180,,,,0,0,,,,,,,,,,,,,,,,,,,,,,,,,,,,,,,,,,,2026-06-21,2026-06-21,Sales,Conversions,AUCTION,2026-06-21,Ongoing,,ABSOLUTE_OCPM,120247446284390335,"Flavor Focus - 4","Using campaign budget",,610,Daily,120247443752180335,"broad 35+",120247443752270335,"secretswap - 4 angles test-21 June",INR,"Join 2,847+ Indian families eating healthier. ","100+ Clinically Reviewed Low-GI Indian Recipes 📚",https://secretswaprecipe.vercel.app/,LEARN_MORE,42de942a5042d3e34c452b63760836a3,ad_creative_compliant_curry_1781973167022.png_105_105,flavor,,
"secretswap - 4 angles test-21 June","broad 35+","Convenience & Family - 2","Convenience & Family - 2",55-64,male,OUTCOME_SALES,2026-06-21,"Join 2,847+ Indian families eating healthier. ",active,ad,"7-day click, 1-day view, or 1-day engaged-view",,,1,1,,0.89,-,-,-,1,890,1,0.89,100,1,100,0.89,,,,,,,,,,,,,,,,,,,,,,,,,,,,,,,,,,2026-06-21,2026-06-21,Sales,Conversions,AUCTION,2026-06-21,Ongoing,,ABSOLUTE_OCPM,120247445893700335,"Convenience & Family - 2","Using campaign budget",,610,Daily,120247443752180335,"broad 35+",120247443752270335,"secretswap - 4 angles test-21 June",INR,"Join 2,847+ Indian families eating healthier. ","100+ Clinically Reviewed Low-GI Indian Recipes 📚",https://secretswaprecipe.vercel.app/,LEARN_MORE,d28c67a72599aed176d689522503b263,ad_creative_thali_1781972868839.png_105_105,convienience,,
"secretswap - 4 angles test-21 June","broad 35+","Convenience & Family - 2","Convenience & Family - 2",55-64,male,OUTCOME_SALES,2026-06-21,"Get 100+ Low-GI Indian Recipes at 80% OFF (Instant Download)",active,ad,"7-day click, 1-day view, or 1-day engaged-view",,,3,1,,0.34,-,-,-,3,113.33333333,1,0.34,33.33333333,1,33.33333333,0.34,,,,,,,,,,,,,,,,,,,,,,,,,,,,,,,,,,2026-06-21,2026-06-21,Sales,Conversions,AUCTION,2026-06-21,Ongoing,,ABSOLUTE_OCPM,120247445893700335,"Convenience & Family - 2","Using campaign budget",,610,Daily,120247443752180335,"broad 35+",120247443752270335,"secretswap - 4 angles test-21 June",INR,"Join 2,847+ Indian families eating healthier. ","100+ Clinically Reviewed Low-GI Indian Recipes 📚",https://secretswaprecipe.vercel.app/,LEARN_MORE,d28c67a72599aed176d689522503b263,ad_creative_thali_1781972868839.png_105_105,convienience,,
"secretswap - 4 angles test-21 June","broad 35+","Convenience & Family - 2","Convenience & Family - 2",55-64,female,OUTCOME_SALES,2026-06-21,"7-Day Guarantee.Rated 4.9/5 by 2847+ healthy home cooks.",active,ad,"7-day click, 1-day view, or 1-day engaged-view",,,9,1,,5.28,-,-,-,9,586.66666667,1,5.28,11.11111111,2,22.22222222,2.64,,,,,,,,,,,,,,,,,,,,,,,,,,,,,,,,,,2026-06-21,2026-06-21,Sales,Conversions,AUCTION,2026-06-21,Ongoing,,ABSOLUTE_OCPM,120247445893700335,"Convenience & Family - 2","Using campaign budget",,610,Daily,120247443752180335,"broad 35+",120247443752270335,"secretswap - 4 angles test-21 June",INR,"Join 2,847+ Indian families eating healthier. ","100+ Clinically Reviewed Low-GI Indian Recipes 📚",https://secretswaprecipe.vercel.app/,LEARN_MORE,d28c67a72599aed176d689522503b263,ad_creative_thali_1781972868839.png_105_105,convienience,,
"secretswap - 4 angles test-21 June","broad 35+","Flavor Focus - 4","Flavor Focus - 4",25-34,female,OUTCOME_SALES,2026-06-21,"Join 2,847+ Indian families eating healthier. ",active,ad,"7-day click, 1-day view, or 1-day engaged-view",,,1,1,,0.07,-,-,-,1,70,,,,0,0,,,,,,,,,,,,,,,,,,,,,,,,,,,,,,,,,,,2026-06-21,2026-06-21,Sales,Conversions,AUCTION,2026-06-21,Ongoing,,ABSOLUTE_OCPM,120247446284390335,"Flavor Focus - 4","Using campaign budget",,610,Daily,120247443752180335,"broad 35+",120247443752270335,"secretswap - 4 angles test-21 June",INR,"Join 2,847+ Indian families eating healthier. ","100+ Clinically Reviewed Low-GI Indian Recipes 📚",https://secretswaprecipe.vercel.app/,LEARN_MORE,42de942a5042d3e34c452b63760836a3,ad_creative_compliant_curry_1781973167022.png_105_105,flavor,,
"secretswap - 4 angles test-21 June","broad 35+","Flavor Focus - 4","Flavor Focus - 4",45-54,male,OUTCOME_SALES,2026-06-21,"Join 2,847+ Indian families eating healthier. ",active,ad,"7-day click, 1-day view, or 1-day engaged-view",,,4,1,,0.21,-,-,-,4,52.5,,,,0,0,,,,,,,,,,,,,,,,,,,,,,,,,,,,,,,,,,,2026-06-21,2026-06-21,Sales,Conversions,AUCTION,2026-06-21,Ongoing,,ABSOLUTE_OCPM,120247446284390335,"Flavor Focus - 4","Using campaign budget",,610,Daily,120247443752180335,"broad 35+",120247443752270335,"secretswap - 4 angles test-21 June",INR,"Join 2,847+ Indian families eating healthier. ","100+ Clinically Reviewed Low-GI Indian Recipes 📚",https://secretswaprecipe.vercel.app/,LEARN_MORE,42de942a5042d3e34c452b63760836a3,ad_creative_compliant_curry_1781973167022.png_105_105,flavor,,
"secretswap - 4 angles test-21 June","broad 35+","Flavor Focus - 4","Flavor Focus - 4",45-54,female,OUTCOME_SALES,2026-06-21,"Join 2,847+ Indian families eating healthier. ",active,ad,"7-day click, 1-day view, or 1-day engaged-view",,,7,1,,0.85,-,-,-,7,121.42857143,,,,0,0,,,,,,,,,,,,,,,,,,,,,,,,,,,,,,,,,,,2026-06-21,2026-06-21,Sales,Conversions,AUCTION,2026-06-21,Ongoing,,ABSOLUTE_OCPM,120247446284390335,"Flavor Focus - 4","Using campaign budget",,610,Daily,120247443752180335,"broad 35+",120247443752270335,"secretswap - 4 angles test-21 June",INR,"Join 2,847+ Indian families eating healthier. ","100+ Clinically Reviewed Low-GI Indian Recipes 📚",https://secretswaprecipe.vercel.app/,LEARN_MORE,42de942a5042d3e34c452b63760836a3,ad_creative_compliant_curry_1781973167022.png_105_105,flavor,,
"secretswap - 4 angles test-21 June","broad 35+","Flavor Focus - 4","Flavor Focus - 4",45-54,male,OUTCOME_SALES,2026-06-21,"Get 100+ Low-GI Indian Recipes at 80% OFF (Instant Download)",active,ad,"7-day click, 1-day view, or 1-day engaged-view",,,2,1,,1.16,-,-,-,2,580,,,,0,0,,,,,,,,,,,,,,,,,,,,,,,,,,,,,,,,,,,2026-06-21,2026-06-21,Sales,Conversions,AUCTION,2026-06-21,Ongoing,,ABSOLUTE_OCPM,120247446284390335,"Flavor Focus - 4","Using campaign budget",,610,Daily,120247443752180335,"broad 35+",120247443752270335,"secretswap - 4 angles test-21 June",INR,"Join 2,847+ Indian families eating healthier. ","100+ Clinically Reviewed Low-GI Indian Recipes 📚",https://secretswaprecipe.vercel.app/,LEARN_MORE,42de942a5042d3e34c452b63760836a3,ad_creative_compliant_curry_1781973167022.png_105_105,flavor,,
"secretswap - 4 angles test-21 June","broad 35+","Flavor Focus - 4","Flavor Focus - 4",55-64,female,OUTCOME_SALES,2026-06-21,"Join 2,847+ Indian families eating healthier. ",active,ad,"7-day click, 1-day view, or 1-day engaged-view",,,8,1,,5.64,-,-,-,8,705,,,,0,0,,,,,,,,,,,,,,,,,,,,,,,,,,,,,,,,,,,2026-06-21,2026-06-21,Sales,Conversions,AUCTION,2026-06-21,Ongoing,,ABSOLUTE_OCPM,120247446284390335,"Flavor Focus - 4","Using campaign budget",,610,Daily,120247443752180335,"broad 35+",120247443752270335,"secretswap - 4 angles test-21 June",INR,"Join 2,847+ Indian families eating healthier. ","100+ Clinically Reviewed Low-GI Indian Recipes 📚",https://secretswaprecipe.vercel.app/,LEARN_MORE,42de942a5042d3e34c452b63760836a3,ad_creative_compliant_curry_1781973167022.png_105_105,flavor,,
"secretswap - 4 angles test-21 June","broad 35+","Flavor Focus - 4","Flavor Focus - 4",65+,female,OUTCOME_SALES,2026-06-21,"Join 2,847+ Indian families eating healthier. ",active,ad,"7-day click, 1-day view, or 1-day engaged-view",,,3,1,,2.04,-,-,-,3,680,,,,0,0,,,,,,,,,,,,,,,,,,,,,,,,,,,,,,,,,,,2026-06-21,2026-06-21,Sales,Conversions,AUCTION,2026-06-21,Ongoing,,ABSOLUTE_OCPM,120247446284390335,"Flavor Focus - 4","Using campaign budget",,610,Daily,120247443752180335,"broad 35+",120247443752270335,"secretswap - 4 angles test-21 June",INR,"Join 2,847+ Indian families eating healthier. ","100+ Clinically Reviewed Low-GI Indian Recipes 📚",https://secretswaprecipe.vercel.app/,LEARN_MORE,42de942a5042d3e34c452b63760836a3,ad_creative_compliant_curry_1781973167022.png_105_105,flavor,,
"secretswap - 4 angles test-21 June","broad 35+","Flavor Focus - 4","Flavor Focus - 4",65+,male,OUTCOME_SALES,2026-06-21,"Join 2,847+ Indian families eating healthier. ",active,ad,"7-day click, 1-day view, or 1-day engaged-view",,,11,1,,2.48,-,-,-,11,225.45454545,,,,0,0,,,,,,,,,,,,,,,,,,,,,,,,,,,,,,,,,,,2026-06-21,2026-06-21,Sales,Conversions,AUCTION,2026-06-21,Ongoing,,ABSOLUTE_OCPM,120247446284390335,"Flavor Focus - 4","Using campaign budget",,610,Daily,120247443752180335,"broad 35+",120247443752270335,"secretswap - 4 angles test-21 June",INR,"Join 2,847+ Indian families eating healthier. ","100+ Clinically Reviewed Low-GI Indian Recipes 📚",https://secretswaprecipe.vercel.app/,LEARN_MORE,42de942a5042d3e34c452b63760836a3,ad_creative_compliant_curry_1781973167022.png_105_105,flavor,,
"secretswap - 4 angles test-21 June","broad 35+","Flavor Focus - 4","Flavor Focus - 4",55-64,female,OUTCOME_SALES,2026-06-21,"Get 100+ Low-GI Indian Recipes at 80% OFF (Instant Download)",active,ad,"7-day click, 1-day view, or 1-day engaged-view",,,2,1,,1.99,-,-,-,2,995,,,,0,0,,,,,,,,,,,,,,,,,,,,,,,,,,,,,,,,,,,2026-06-21,2026-06-21,Sales,Conversions,AUCTION,2026-06-21,Ongoing,,ABSOLUTE_OCPM,120247446284390335,"Flavor Focus - 4","Using campaign budget",,610,Daily,120247443752180335,"broad 35+",120247443752270335,"secretswap - 4 angles test-21 June",INR,"Join 2,847+ Indian families eating healthier. ","100+ Clinically Reviewed Low-GI Indian Recipes 📚",https://secretswaprecipe.vercel.app/,LEARN_MORE,42de942a5042d3e34c452b63760836a3,ad_creative_compliant_curry_1781973167022.png_105_105,flavor,,
"secretswap - 4 angles test-21 June","broad 35+","Flavor Focus - 4","Flavor Focus - 4",35-44,female,OUTCOME_SALES,2026-06-21,"Join 2,847+ Indian families eating healthier. ",active,ad,"7-day click, 1-day view, or 1-day engaged-view",,,3,1,,0.34,-,-,-,3,113.33333333,,,,0,0,,,,,,,,,,,,,,,,,,,,,,,,,,,,,,,,,,,2026-06-21,2026-06-21,Sales,Conversions,AUCTION,2026-06-21,Ongoing,,ABSOLUTE_OCPM,120247446284390335,"Flavor Focus - 4","Using campaign budget",,610,Daily,120247443752180335,"broad 35+",120247443752270335,"secretswap - 4 angles test-21 June",INR,"Join 2,847+ Indian families eating healthier. ","100+ Clinically Reviewed Low-GI Indian Recipes 📚",https://secretswaprecipe.vercel.app/,LEARN_MORE,42de942a5042d3e34c452b63760836a3,ad_creative_compliant_curry_1781973167022.png_105_105,flavor,,
"healthy D recipes","New Sales Ad Set",4,4,18-24,female,OUTCOME_SALES,2026-06-20,"Join 2,847+ Indian families eating healthier. 7-Day Guarantee.Rated 4.9/5 by 14,200+ healthy home cooks.Get 100+ Low-GI Indian Recipes at 80% OFF (Instant Download)",active,ad,"7-day click, 1-day view, or 1-day engaged-view",,,2,1,,0.01,-,-,-,2,5,,,,0,0,,,,,,,,,,,,,,,,,,,,,,,,,,,,,,,,,,,2026-06-20,2026-06-20,Sales,Conversions,AUCTION,2026-06-19,Ongoing,,ABSOLUTE_OCPM,120247277679480335,4,"Using campaign budget",,810,Daily,120247276897740335,"New Sales Ad Set",120247276897760335,"healthy D recipes",INR,"Join 2,847+ Indian families eating healthier. 7-Day Guarantee.Rated 4.9/5 by 14,200+ healthy home cooks.Get 100+ Low-GI Indian Recipes at 80% OFF (Instant Download)","100+ Clinically Reviewed Low-GI Indian Recipes 📚",https://diabitic-food-recipe.vercel.app/,LEARN_MORE,3550162ac480cf934e2af8c073841097,ad_thali_premium_1781771853282_pro.jpg_105,1,,
"healthy D recipes","New Sales Ad Set",4,4,35-44,male,OUTCOME_SALES,2026-06-20,"Join 2,847+ Indian families eating healthier. 7-Day Guarantee.Rated 4.9/5 by 14,200+ healthy home cooks.Get 100+ Low-GI Indian Recipes at 80% OFF (Instant Download)",active,ad,"7-day click, 1-day view, or 1-day engaged-view",,,1,1,,0.02,-,-,-,1,20,,,,0,0,,,,,,,,,,,,,,,,,,,,,,,,,,,,,,,,,,,2026-06-20,2026-06-20,Sales,Conversions,AUCTION,2026-06-19,Ongoing,,ABSOLUTE_OCPM,120247277679480335,4,"Using campaign budget",,810,Daily,120247276897740335,"New Sales Ad Set",120247276897760335,"healthy D recipes",INR,"Join 2,847+ Indian families eating healthier. 7-Day Guarantee.Rated 4.9/5 by 14,200+ healthy home cooks.Get 100+ Low-GI Indian Recipes at 80% OFF (Instant Download)","100+ Clinically Reviewed Low-GI Indian Recipes 📚",https://diabitic-food-recipe.vercel.app/,LEARN_MORE,3550162ac480cf934e2af8c073841097,ad_thali_premium_1781771853282_pro.jpg_105,1,,
"healthy D recipes","New Sales Ad Set",4,4,18-24,male,OUTCOME_SALES,2026-06-20,"Join 2,847+ Indian families eating healthier. 7-Day Guarantee.Rated 4.9/5 by 14,200+ healthy home cooks.Get 100+ Low-GI Indian Recipes at 80% OFF (Instant Download)",active,ad,"7-day click, 1-day view, or 1-day engaged-view",,,7,1,,0.03,-,-,-,7,4.28571429,,,,0,0,,,,,,,,,,,,,,,,,,,,,,,,,,,,,,,,,,,2026-06-20,2026-06-20,Sales,Conversions,AUCTION,2026-06-19,Ongoing,,ABSOLUTE_OCPM,120247277679480335,4,"Using campaign budget",,810,Daily,120247276897740335,"New Sales Ad Set",120247276897760335,"healthy D recipes",INR,"Join 2,847+ Indian families eating healthier. 7-Day Guarantee.Rated 4.9/5 by 14,200+ healthy home cooks.Get 100+ Low-GI Indian Recipes at 80% OFF (Instant Download)","100+ Clinically Reviewed Low-GI Indian Recipes 📚",https://diabitic-food-recipe.vercel.app/,LEARN_MORE,3550162ac480cf934e2af8c073841097,ad_thali_premium_1781771853282_pro.jpg_105,1,,
"healthy D recipes","New Sales Ad Set",8,8,55-64,female,OUTCOME_SALES,2026-06-20,"Join 2,847+ Indian families eating healthier. 7-Day Guarantee.Rated 4.9/5 by 14,200+ healthy home cooks.Get 100+ Low-GI Indian Recipes at 80% OFF (Instant Download)",active,ad,"7-day click, 1-day view, or 1-day engaged-view",,,2,1,,1.67,-,-,-,2,835,,,,0,0,,,,,,,,,,,,,,,,,,,,,,,,,,,,,,,,,,,2026-06-20,2026-06-20,Sales,Conversions,AUCTION,2026-06-19,Ongoing,,ABSOLUTE_OCPM,120247278162920335,8,"Using campaign budget",,810,Daily,120247276897740335,"New Sales Ad Set",120247276897760335,"healthy D recipes",INR,"Join 2,847+ Indian families eating healthier. 7-Day Guarantee.Rated 4.9/5 by 14,200+ healthy home cooks.Get 100+ Low-GI Indian Recipes at 80% OFF (Instant Download)","100+ Clinically Reviewed Low-GI Indian Recipes 📚",https://diabitic-food-recipe.vercel.app/,LEARN_MORE,7fb56a66d26daf5f5319d432f85b0d3e,715465146_2147447319445005_4414003214102813962_n.jpg_105_105,1,,
"healthy D recipes","New Sales Ad Set",4,4,45-54,male,OUTCOME_SALES,2026-06-20,"Join 2,847+ Indian families eating healthier. 7-Day Guarantee.Rated 4.9/5 by 14,200+ healthy home cooks.Get 100+ Low-GI Indian Recipes at 80% OFF (Instant Download)",active,ad,"7-day click, 1-day view, or 1-day engaged-view",,,3,1,,1.83,-,-,-,3,610,,,,0,0,,,,,,,,,,,,,,,,,,,,,,,,,,,,,,,,,,,2026-06-20,2026-06-20,Sales,Conversions,AUCTION,2026-06-19,Ongoing,,ABSOLUTE_OCPM,120247277679480335,4,"Using campaign budget",,810,Daily,120247276897740335,"New Sales Ad Set",120247276897760335,"healthy D recipes",INR,"Join 2,847+ Indian families eating healthier. 7-Day Guarantee.Rated 4.9/5 by 14,200+ healthy home cooks.Get 100+ Low-GI Indian Recipes at 80% OFF (Instant Download)","100+ Clinically Reviewed Low-GI Indian Recipes 📚",https://diabitic-food-recipe.vercel.app/,LEARN_MORE,3550162ac480cf934e2af8c073841097,ad_thali_premium_1781771853282_pro.jpg_105,1,,
"healthy D recipes","New Sales Ad Set",4,4,25-34,male,OUTCOME_SALES,2026-06-20,"Join 2,847+ Indian families eating healthier. 7-Day Guarantee.Rated 4.9/5 by 14,200+ healthy home cooks.Get 100+ Low-GI Indian Recipes at 80% OFF (Instant Download)",active,ad,"7-day click, 1-day view, or 1-day engaged-view",,,2,1,,0.01,-,-,-,2,5,,,,0,0,,,,,,,,,,,,,,,,,,,,,,,,,,,,,,,,,,,2026-06-20,2026-06-20,Sales,Conversions,AUCTION,2026-06-19,Ongoing,,ABSOLUTE_OCPM,120247277679480335,4,"Using campaign budget",,810,Daily,120247276897740335,"New Sales Ad Set",120247276897760335,"healthy D recipes",INR,"Join 2,847+ Indian families eating healthier. 7-Day Guarantee.Rated 4.9/5 by 14,200+ healthy home cooks.Get 100+ Low-GI Indian Recipes at 80% OFF (Instant Download)","100+ Clinically Reviewed Low-GI Indian Recipes 📚",https://diabitic-food-recipe.vercel.app/,LEARN_MORE,3550162ac480cf934e2af8c073841097,ad_thali_premium_1781771853282_pro.jpg_105,1,,
"healthy D recipes","New Sales Ad Set",8,8,55-64,male,OUTCOME_SALES,2026-06-20,"Join 2,847+ Indian families eating healthier. 7-Day Guarantee.Rated 4.9/5 by 14,200+ healthy home cooks.Get 100+ Low-GI Indian Recipes at 80% OFF (Instant Download)",active,ad,"7-day click, 1-day view, or 1-day engaged-view",,,5,1.4,,5.96,-,-,-,7,851.42857143,,,,0,0,,,,,,,,,,,,,,,,,,,,,,,,,,,,,,,,,,,2026-06-20,2026-06-20,Sales,Conversions,AUCTION,2026-06-19,Ongoing,,ABSOLUTE_OCPM,120247278162920335,8,"Using campaign budget",,810,Daily,120247276897740335,"New Sales Ad Set",120247276897760335,"healthy D recipes",INR,"Join 2,847+ Indian families eating healthier. 7-Day Guarantee.Rated 4.9/5 by 14,200+ healthy home cooks.Get 100+ Low-GI Indian Recipes at 80% OFF (Instant Download)","100+ Clinically Reviewed Low-GI Indian Recipes 📚",https://diabitic-food-recipe.vercel.app/,LEARN_MORE,7fb56a66d26daf5f5319d432f85b0d3e,715465146_2147447319445005_4414003214102813962_n.jpg_105_105,1,,
"healthy D recipes","New Sales Ad Set",8,8,45-54,male,OUTCOME_SALES,2026-06-20,"Join 2,847+ Indian families eating healthier. 7-Day Guarantee.Rated 4.9/5 by 14,200+ healthy home cooks.Get 100+ Low-GI Indian Recipes at 80% OFF (Instant Download)",active,ad,"7-day click, 1-day view, or 1-day engaged-view",,,2,1,,0.36,-,-,-,2,180,,,,0,0,,,,,,,,,,,,,,,,,,,,,,,,,,,,,,,,,,,2026-06-20,2026-06-20,Sales,Conversions,AUCTION,2026-06-19,Ongoing,,ABSOLUTE_OCPM,120247278162920335,8,"Using campaign budget",,810,Daily,120247276897740335,"New Sales Ad Set",120247276897760335,"healthy D recipes",INR,"Join 2,847+ Indian families eating healthier. 7-Day Guarantee.Rated 4.9/5 by 14,200+ healthy home cooks.Get 100+ Low-GI Indian Recipes at 80% OFF (Instant Download)","100+ Clinically Reviewed Low-GI Indian Recipes 📚",https://diabitic-food-recipe.vercel.app/,LEARN_MORE,7fb56a66d26daf5f5319d432f85b0d3e,715465146_2147447319445005_4414003214102813962_n.jpg_105_105,1,,
"healthy D recipes","New Sales Ad Set",4,4,55-64,male,OUTCOME_SALES,2026-06-20,"Join 2,847+ Indian families eating healthier. 7-Day Guarantee.Rated 4.9/5 by 14,200+ healthy home cooks.Get 100+ Low-GI Indian Recipes at 80% OFF (Instant Download)",active,ad,"7-day click, 1-day view, or 1-day engaged-view",,,1,1,,0.21,-,-,-,1,210,,,,0,0,,,,,,,,,,,,,,,,,,,,,,,,,,,,,,,,,,,2026-06-20,2026-06-20,Sales,Conversions,AUCTION,2026-06-19,Ongoing,,ABSOLUTE_OCPM,120247277679480335,4,"Using campaign budget",,810,Daily,120247276897740335,"New Sales Ad Set",120247276897760335,"healthy D recipes",INR,"Join 2,847+ Indian families eating healthier. 7-Day Guarantee.Rated 4.9/5 by 14,200+ healthy home cooks.Get 100+ Low-GI Indian Recipes at 80% OFF (Instant Download)","100+ Clinically Reviewed Low-GI Indian Recipes 📚",https://diabitic-food-recipe.vercel.app/,LEARN_MORE,3550162ac480cf934e2af8c073841097,ad_thali_premium_1781771853282_pro.jpg_105,1,,
"healthy D recipes","New Sales Ad Set",4,4,45-54,female,OUTCOME_SALES,2026-06-20,"Join 2,847+ Indian families eating healthier. 7-Day Guarantee.Rated 4.9/5 by 14,200+ healthy home cooks.Get 100+ Low-GI Indian Recipes at 80% OFF (Instant Download)",active,ad,"7-day click, 1-day view, or 1-day engaged-view",,,3,1,,5.27,-,-,-,3,1756.66666667,,,,0,0,,,,,,,,,,,,,,,,,,,,,,,,,,,,,,,,,,,2026-06-20,2026-06-20,Sales,Conversions,AUCTION,2026-06-19,Ongoing,,ABSOLUTE_OCPM,120247277679480335,4,"Using campaign budget",,810,Daily,120247276897740335,"New Sales Ad Set",120247276897760335,"healthy D recipes",INR,"Join 2,847+ Indian families eating healthier. 7-Day Guarantee.Rated 4.9/5 by 14,200+ healthy home cooks.Get 100+ Low-GI Indian Recipes at 80% OFF (Instant Download)","100+ Clinically Reviewed Low-GI Indian Recipes 📚",https://diabitic-food-recipe.vercel.app/,LEARN_MORE,3550162ac480cf934e2af8c073841097,ad_thali_premium_1781771853282_pro.jpg_105,1,,
"healthy D recipes","New Sales Ad Set",6,6,35-44,male,OUTCOME_SALES,2026-06-20,"Join 2,847+ Indian families eating healthier. 7-Day Guarantee.Rated 4.9/5 by 14,200+ healthy home cooks.Get 100+ Low-GI Indian Recipes at 80% OFF (Instant Download)",active,ad,"7-day click, 1-day view, or 1-day engaged-view",,,2,1,,1.94,-,-,-,2,970,,,,0,0,,,,,,,,,,,,,,,,,,,,,,,,,,,,,,,,,,,2026-06-20,2026-06-20,Sales,Conversions,AUCTION,2026-06-19,Ongoing,,ABSOLUTE_OCPM,120247278020580335,6,"Using campaign budget",,810,Daily,120247276897740335,"New Sales Ad Set",120247276897760335,"healthy D recipes",INR,"Join 2,847+ Indian families eating healthier. 7-Day Guarantee.Rated 4.9/5 by 14,200+ healthy home cooks.Get 100+ Low-GI Indian Recipes at 80% OFF (Instant Download)","100+ Clinically Reviewed Low-GI Indian Recipes 📚",https://diabitic-food-recipe.vercel.app/,LEARN_MORE,baffa04e41128188b6c99b8b59976bc9,ad_sweet_guiltfree_1781771893831_pro.jpg_105,1,,
"healthy D recipes","New Sales Ad Set",6,6,25-34,male,OUTCOME_SALES,2026-06-20,"Join 2,847+ Indian families eating healthier. 7-Day Guarantee.Rated 4.9/5 by 14,200+ healthy home cooks.Get 100+ Low-GI Indian Recipes at 80% OFF (Instant Download)",active,ad,"7-day click, 1-day view, or 1-day engaged-view",,,2,1,,0.85,-,-,-,2,425,1,0.85,50,1,50,0.85,,,,,,,,,,,,,,,,,,,,,,,,,,,,,,,,,,2026-06-20,2026-06-20,Sales,Conversions,AUCTION,2026-06-19,Ongoing,,ABSOLUTE_OCPM,120247278020580335,6,"Using campaign budget",,810,Daily,120247276897740335,"New Sales Ad Set",120247276897760335,"healthy D recipes",INR,"Join 2,847+ Indian families eating healthier. 7-Day Guarantee.Rated 4.9/5 by 14,200+ healthy home cooks.Get 100+ Low-GI Indian Recipes at 80% OFF (Instant Download)","100+ Clinically Reviewed Low-GI Indian Recipes 📚",https://diabitic-food-recipe.vercel.app/,LEARN_MORE,baffa04e41128188b6c99b8b59976bc9,ad_sweet_guiltfree_1781771893831_pro.jpg_105,1,,
"healthy D recipes","New Sales Ad Set",6,6,45-54,female,OUTCOME_SALES,2026-06-20,"Join 2,847+ Indian families eating healthier. 7-Day Guarantee.Rated 4.9/5 by 14,200+ healthy home cooks.Get 100+ Low-GI Indian Recipes at 80% OFF (Instant Download)",active,ad,"7-day click, 1-day view, or 1-day engaged-view",,,5,1,,7.75,-,-,-,5,1550,1,7.75,20,1,20,7.75,,,,,,,,,,,,,,,,,,,,,,,,,,,,,,,,,,2026-06-20,2026-06-20,Sales,Conversions,AUCTION,2026-06-19,Ongoing,,ABSOLUTE_OCPM,120247278020580335,6,"Using campaign budget",,810,Daily,120247276897740335,"New Sales Ad Set",120247276897760335,"healthy D recipes",INR,"Join 2,847+ Indian families eating healthier. 7-Day Guarantee.Rated 4.9/5 by 14,200+ healthy home cooks.Get 100+ Low-GI Indian Recipes at 80% OFF (Instant Download)","100+ Clinically Reviewed Low-GI Indian Recipes 📚",https://diabitic-food-recipe.vercel.app/,LEARN_MORE,baffa04e41128188b6c99b8b59976bc9,ad_sweet_guiltfree_1781771893831_pro.jpg_105,1,,
"healthy D recipes","New Sales Ad Set",6,6,65+,male,OUTCOME_SALES,2026-06-20,"Join 2,847+ Indian families eating healthier. 7-Day Guarantee.Rated 4.9/5 by 14,200+ healthy home cooks.Get 100+ Low-GI Indian Recipes at 80% OFF (Instant Download)",active,ad,"7-day click, 1-day view, or 1-day engaged-view",,,1,1,,0.13,-,-,-,1,130,,,,0,0,,,,,,,,,,,,,,,,,,,,,,,,,,,,,,,,,,,2026-06-20,2026-06-20,Sales,Conversions,AUCTION,2026-06-19,Ongoing,,ABSOLUTE_OCPM,120247278020580335,6,"Using campaign budget",,810,Daily,120247276897740335,"New Sales Ad Set",120247276897760335,"healthy D recipes",INR,"Join 2,847+ Indian families eating healthier. 7-Day Guarantee.Rated 4.9/5 by 14,200+ healthy home cooks.Get 100+ Low-GI Indian Recipes at 80% OFF (Instant Download)","100+ Clinically Reviewed Low-GI Indian Recipes 📚",https://diabitic-food-recipe.vercel.app/,LEARN_MORE,baffa04e41128188b6c99b8b59976bc9,ad_sweet_guiltfree_1781771893831_pro.jpg_105,1,,
"healthy D recipes","New Sales Ad Set",6,6,18-24,male,OUTCOME_SALES,2026-06-20,"Join 2,847+ Indian families eating healthier. 7-Day Guarantee.Rated 4.9/5 by 14,200+ healthy home cooks.Get 100+ Low-GI Indian Recipes at 80% OFF (Instant Download)",active,ad,"7-day click, 1-day view, or 1-day engaged-view",,,1,1,,0,-,-,-,1,0,,,,0,0,,,,,,,,,,,,,,,,,,,,,,,,,,,,,,,,,,,2026-06-20,2026-06-20,Sales,Conversions,AUCTION,2026-06-19,Ongoing,,ABSOLUTE_OCPM,120247278020580335,6,"Using campaign budget",,810,Daily,120247276897740335,"New Sales Ad Set",120247276897760335,"healthy D recipes",INR,"Join 2,847+ Indian families eating healthier. 7-Day Guarantee.Rated 4.9/5 by 14,200+ healthy home cooks.Get 100+ Low-GI Indian Recipes at 80% OFF (Instant Download)","100+ Clinically Reviewed Low-GI Indian Recipes 📚",https://diabitic-food-recipe.vercel.app/,LEARN_MORE,baffa04e41128188b6c99b8b59976bc9,ad_sweet_guiltfree_1781771893831_pro.jpg_105,1,,
"healthy D recipes","New Sales Ad Set",6,6,25-34,female,OUTCOME_SALES,2026-06-20,"Join 2,847+ Indian families eating healthier. 7-Day Guarantee.Rated 4.9/5 by 14,200+ healthy home cooks.Get 100+ Low-GI Indian Recipes at 80% OFF (Instant Download)",active,ad,"7-day click, 1-day view, or 1-day engaged-view",,,1,1,,0,-,-,-,1,0,,,,0,0,,,,,,,,,,,,,,,,,,,,,,,,,,,,,,,,,,,2026-06-20,2026-06-20,Sales,Conversions,AUCTION,2026-06-19,Ongoing,,ABSOLUTE_OCPM,120247278020580335,6,"Using campaign budget",,810,Daily,120247276897740335,"New Sales Ad Set",120247276897760335,"healthy D recipes",INR,"Join 2,847+ Indian families eating healthier. 7-Day Guarantee.Rated 4.9/5 by 14,200+ healthy home cooks.Get 100+ Low-GI Indian Recipes at 80% OFF (Instant Download)","100+ Clinically Reviewed Low-GI Indian Recipes 📚",https://diabitic-food-recipe.vercel.app/,LEARN_MORE,baffa04e41128188b6c99b8b59976bc9,ad_sweet_guiltfree_1781771893831_pro.jpg_105,1,,
"healthy D recipes","New Sales Ad Set",6,6,45-54,male,OUTCOME_SALES,2026-06-20,"Join 2,847+ Indian families eating healthier. 7-Day Guarantee.Rated 4.9/5 by 14,200+ healthy home cooks.Get 100+ Low-GI Indian Recipes at 80% OFF (Instant Download)",active,ad,"7-day click, 1-day view, or 1-day engaged-view",,,1,1,,1.38,-,-,-,1,1380,,,,0,0,,,,,,,,,,,,,,,,,,,,,,,,,,,,,,,,,,,2026-06-20,2026-06-20,Sales,Conversions,AUCTION,2026-06-19,Ongoing,,ABSOLUTE_OCPM,120247278020580335,6,"Using campaign budget",,810,Daily,120247276897740335,"New Sales Ad Set",120247276897760335,"healthy D recipes",INR,"Join 2,847+ Indian families eating healthier. 7-Day Guarantee.Rated 4.9/5 by 14,200+ healthy home cooks.Get 100+ Low-GI Indian Recipes at 80% OFF (Instant Download)","100+ Clinically Reviewed Low-GI Indian Recipes 📚",https://diabitic-food-recipe.vercel.app/,LEARN_MORE,baffa04e41128188b6c99b8b59976bc9,ad_sweet_guiltfree_1781771893831_pro.jpg_105,1,,
"healthy D recipes","New Sales Ad Set",6,6,35-44,female,OUTCOME_SALES,2026-06-20,"Join 2,847+ Indian families eating healthier. 7-Day Guarantee.Rated 4.9/5 by 14,200+ healthy home cooks.Get 100+ Low-GI Indian Recipes at 80% OFF (Instant Download)",active,ad,"7-day click, 1-day view, or 1-day engaged-view",,,1,1,,0.01,-,-,-,1,10,,,,0,0,,,,,,,,,,,,,,,,,,,,,,,,,,,,,,,,,,,2026-06-20,2026-06-20,Sales,Conversions,AUCTION,2026-06-19,Ongoing,,ABSOLUTE_OCPM,120247278020580335,6,"Using campaign budget",,810,Daily,120247276897740335,"New Sales Ad Set",120247276897760335,"healthy D recipes",INR,"Join 2,847+ Indian families eating healthier. 7-Day Guarantee.Rated 4.9/5 by 14,200+ healthy home cooks.Get 100+ Low-GI Indian Recipes at 80% OFF (Instant Download)","100+ Clinically Reviewed Low-GI Indian Recipes 📚",https://diabitic-food-recipe.vercel.app/,LEARN_MORE,baffa04e41128188b6c99b8b59976bc9,ad_sweet_guiltfree_1781771893831_pro.jpg_105,1,,
"healthy D recipes","New Sales Ad Set",6,6,18-24,female,OUTCOME_SALES,2026-06-20,"Join 2,847+ Indian families eating healthier. 7-Day Guarantee.Rated 4.9/5 by 14,200+ healthy home cooks.Get 100+ Low-GI Indian Recipes at 80% OFF (Instant Download)",active,ad,"7-day click, 1-day view, or 1-day engaged-view",,,1,1,,0,-,-,-,1,0,,,,0,0,,,,,,,,,,,,,,,,,,,,,,,,,,,,,,,,,,,2026-06-20,2026-06-20,Sales,Conversions,AUCTION,2026-06-19,Ongoing,,ABSOLUTE_OCPM,120247278020580335,6,"Using campaign budget",,810,Daily,120247276897740335,"New Sales Ad Set",120247276897760335,"healthy D recipes",INR,"Join 2,847+ Indian families eating healthier. 7-Day Guarantee.Rated 4.9/5 by 14,200+ healthy home cooks.Get 100+ Low-GI Indian Recipes at 80% OFF (Instant Download)","100+ Clinically Reviewed Low-GI Indian Recipes 📚",https://diabitic-food-recipe.vercel.app/,LEARN_MORE,baffa04e41128188b6c99b8b59976bc9,ad_sweet_guiltfree_1781771893831_pro.jpg_105,1,,
"healthy D recipes","New Sales Ad Set",8,8,65+,male,OUTCOME_SALES,2026-06-20,"Join 2,847+ Indian families eating healthier. 7-Day Guarantee.Rated 4.9/5 by 14,200+ healthy home cooks.Get 100+ Low-GI Indian Recipes at 80% OFF (Instant Download)",active,ad,"7-day click, 1-day view, or 1-day engaged-view",,,3,1.33333333,,3.09,-,-,-,4,772.5,,,,0,0,,,,,,,,,,,,,,,,,,,,,,,,,,,,,,,,,,,2026-06-20,2026-06-20,Sales,Conversions,AUCTION,2026-06-19,Ongoing,,ABSOLUTE_OCPM,120247278162920335,8,"Using campaign budget",,810,Daily,120247276897740335,"New Sales Ad Set",120247276897760335,"healthy D recipes",INR,"Join 2,847+ Indian families eating healthier. 7-Day Guarantee.Rated 4.9/5 by 14,200+ healthy home cooks.Get 100+ Low-GI Indian Recipes at 80% OFF (Instant Download)","100+ Clinically Reviewed Low-GI Indian Recipes 📚",https://diabitic-food-recipe.vercel.app/,LEARN_MORE,7fb56a66d26daf5f5319d432f85b0d3e,715465146_2147447319445005_4414003214102813962_n.jpg_105_105,1,,
"healthy D recipes","New Sales Ad Set",6,6,55-64,female,OUTCOME_SALES,2026-06-20,"Join 2,847+ Indian families eating healthier. 7-Day Guarantee.Rated 4.9/5 by 14,200+ healthy home cooks.Get 100+ Low-GI Indian Recipes at 80% OFF (Instant Download)",active,ad,"7-day click, 1-day view, or 1-day engaged-view",,,2,1,,0.5,-,-,-,2,250,,,,0,0,,,,,,,,,,,,,,,,,,,,,,,,,,,,,,,,,,,2026-06-20,2026-06-20,Sales,Conversions,AUCTION,2026-06-19,Ongoing,,ABSOLUTE_OCPM,120247278020580335,6,"Using campaign budget",,810,Daily,120247276897740335,"New Sales Ad Set",120247276897760335,"healthy D recipes",INR,"Join 2,847+ Indian families eating healthier. 7-Day Guarantee.Rated 4.9/5 by 14,200+ healthy home cooks.Get 100+ Low-GI Indian Recipes at 80% OFF (Instant Download)","100+ Clinically Reviewed Low-GI Indian Recipes 📚",https://diabitic-food-recipe.vercel.app/,LEARN_MORE,baffa04e41128188b6c99b8b59976bc9,ad_sweet_guiltfree_1781771893831_pro.jpg_105,1,,
"healthy D recipes","New Sales Ad Set",8,8,45-54,female,OUTCOME_SALES,2026-06-20,"Join 2,847+ Indian families eating healthier. 7-Day Guarantee.Rated 4.9/5 by 14,200+ healthy home cooks.Get 100+ Low-GI Indian Recipes at 80% OFF (Instant Download)",active,ad,"7-day click, 1-day view, or 1-day engaged-view",,,1,1,,2.05,-,-,-,1,2050,,,,0,0,,,,,,,,,,,,,,,,,,,,,,,,,,,,,,,,,,,2026-06-20,2026-06-20,Sales,Conversions,AUCTION,2026-06-19,Ongoing,,ABSOLUTE_OCPM,120247278162920335,8,"Using campaign budget",,810,Daily,120247276897740335,"New Sales Ad Set",120247276897760335,"healthy D recipes",INR,"Join 2,847+ Indian families eating healthier. 7-Day Guarantee.Rated 4.9/5 by 14,200+ healthy home cooks.Get 100+ Low-GI Indian Recipes at 80% OFF (Instant Download)","100+ Clinically Reviewed Low-GI Indian Recipes 📚",https://diabitic-food-recipe.vercel.app/,LEARN_MORE,7fb56a66d26daf5f5319d432f85b0d3e,715465146_2147447319445005_4414003214102813962_n.jpg_105_105,1,,
"healthy D recipes","New Sales Ad Set",9,9,35-44,female,OUTCOME_SALES,2026-06-20,"Join 2,847+ Indian families eating healthier. 7-Day Guarantee.Rated 4.9/5 by 14,200+ healthy home cooks.Get 100+ Low-GI Indian Recipes at 80% OFF (Instant Download)",inactive,ad,"7-day click, 1-day view, or 1-day engaged-view",,,3,1,,0.03,-,-,-,3,10,,,,0,0,,,,,,,,,,,,,,,,,,,,,,,,,,,,,,,,,,,2026-06-20,2026-06-20,Sales,Conversions,AUCTION,2026-06-19,Ongoing,,ABSOLUTE_OCPM,120247278208920335,9,"Using campaign budget",,810,Daily,120247276897740335,"New Sales Ad Set",120247276897760335,"healthy D recipes",INR,"Join 2,847+ Indian families eating healthier. 7-Day Guarantee.Rated 4.9/5 by 14,200+ healthy home cooks.Get 100+ Low-GI Indian Recipes at 80% OFF (Instant Download)","100+ Clinically Reviewed Low-GI Indian Recipes 📚",https://diabitic-food-recipe.vercel.app/,LEARN_MORE,04e4dd2a8e17734f2264da49a012c17c,700971189_1338611944796522_8021727401609862275_n.jpg_105_105,1,,
"healthy D recipes","New Sales Ad Set",8,8,65+,female,OUTCOME_SALES,2026-06-20,"Join 2,847+ Indian families eating healthier. 7-Day Guarantee.Rated 4.9/5 by 14,200+ healthy home cooks.Get 100+ Low-GI Indian Recipes at 80% OFF (Instant Download)",active,ad,"7-day click, 1-day view, or 1-day engaged-view",,,2,1,,0.58,-,-,-,2,290,,,,0,0,,,,,,,,,,,,,,,,,,,,,,,,,,,,,,,,,,,2026-06-20,2026-06-20,Sales,Conversions,AUCTION,2026-06-19,Ongoing,,ABSOLUTE_OCPM,120247278162920335,8,"Using campaign budget",,810,Daily,120247276897740335,"New Sales Ad Set",120247276897760335,"healthy D recipes",INR,"Join 2,847+ Indian families eating healthier. 7-Day Guarantee.Rated 4.9/5 by 14,200+ healthy home cooks.Get 100+ Low-GI Indian Recipes at 80% OFF (Instant Download)","100+ Clinically Reviewed Low-GI Indian Recipes 📚",https://diabitic-food-recipe.vercel.app/,LEARN_MORE,7fb56a66d26daf5f5319d432f85b0d3e,715465146_2147447319445005_4414003214102813962_n.jpg_105_105,1,,
"healthy D recipes","New Sales Ad Set",8,8,25-34,male,OUTCOME_SALES,2026-06-20,"Join 2,847+ Indian families eating healthier. 7-Day Guarantee.Rated 4.9/5 by 14,200+ healthy home cooks.Get 100+ Low-GI Indian Recipes at 80% OFF (Instant Download)",active,ad,"7-day click, 1-day view, or 1-day engaged-view","Website purchases",1,2,1,2.09,2.09,-,-,-,2,1045,1,2.09,50,1,50,2.09,,,,,,,1,1,,238.75598086,238.75598086,499,499,,2.09,,,,100,499,,,,,"Website purchases conversion value",499,"Website purchases conversion value",238.75598086,,,,,,2026-06-20,2026-06-20,Sales,Conversions,AUCTION,2026-06-19,Ongoing,,ABSOLUTE_OCPM,120247278162920335,8,"Using campaign budget",,810,Daily,120247276897740335,"New Sales Ad Set",120247276897760335,"healthy D recipes",INR,"Join 2,847+ Indian families eating healthier. 7-Day Guarantee.Rated 4.9/5 by 14,200+ healthy home cooks.Get 100+ Low-GI Indian Recipes at 80% OFF (Instant Download)","100+ Clinically Reviewed Low-GI Indian Recipes 📚",https://diabitic-food-recipe.vercel.app/,LEARN_MORE,7fb56a66d26daf5f5319d432f85b0d3e,715465146_2147447319445005_4414003214102813962_n.jpg_105_105,1,,
"healthy D recipes","New Sales Ad Set",2,2,18-24,female,OUTCOME_SALES,2026-06-20,"Join 2,847+ Indian families eating healthier. 7-Day Guarantee.Rated 4.9/5 by 14,200+ healthy home cooks.Get 100+ Low-GI Indian Recipes at 80% OFF (Instant Download)",active,ad,"7-day click, 1-day view, or 1-day engaged-view",,,1,1,,0.01,-,-,-,1,10,,,,0,0,,,,,,,,,,,,,,,,,,,,,,,,,,,,,,,,,,,2026-06-20,2026-06-20,Sales,Conversions,AUCTION,2026-06-19,Ongoing,,ABSOLUTE_OCPM,120247277508980335,2,"Using campaign budget",,810,Daily,120247276897740335,"New Sales Ad Set",120247276897760335,"healthy D recipes",INR,"Join 2,847+ Indian families eating healthier. 7-Day Guarantee.Rated 4.9/5 by 14,200+ healthy home cooks.Get 100+ Low-GI Indian Recipes at 80% OFF (Instant Download)","100+ Clinically Reviewed Low-GI Indian Recipes 📚",https://diabitic-food-recipe.vercel.app/,LEARN_MORE,383302feeef1203cf124fb58704edc5a,ad_trust_woman_1781771926884_pro.jpg_105_105,1,,
"healthy D recipes","New Sales Ad Set",2,2,25-34,male,OUTCOME_SALES,2026-06-20,"Join 2,847+ Indian families eating healthier. 7-Day Guarantee.Rated 4.9/5 by 14,200+ healthy home cooks.Get 100+ Low-GI Indian Recipes at 80% OFF (Instant Download)",active,ad,"7-day click, 1-day view, or 1-day engaged-view",,,3,1,,0.03,-,-,-,3,10,,,,0,0,,,,,,,,,,,,,,,,,,,,,,,,,,,,,,,,,,,2026-06-20,2026-06-20,Sales,Conversions,AUCTION,2026-06-19,Ongoing,,ABSOLUTE_OCPM,120247277508980335,2,"Using campaign budget",,810,Daily,120247276897740335,"New Sales Ad Set",120247276897760335,"healthy D recipes",INR,"Join 2,847+ Indian families eating healthier. 7-Day Guarantee.Rated 4.9/5 by 14,200+ healthy home cooks.Get 100+ Low-GI Indian Recipes at 80% OFF (Instant Download)","100+ Clinically Reviewed Low-GI Indian Recipes 📚",https://diabitic-food-recipe.vercel.app/,LEARN_MORE,383302feeef1203cf124fb58704edc5a,ad_trust_woman_1781771926884_pro.jpg_105_105,1,,
"healthy D recipes","New Sales Ad Set",2,2,35-44,female,OUTCOME_SALES,2026-06-20,"Join 2,847+ Indian families eating healthier. 7-Day Guarantee.Rated 4.9/5 by 14,200+ healthy home cooks.Get 100+ Low-GI Indian Recipes at 80% OFF (Instant Download)",active,ad,"7-day click, 1-day view, or 1-day engaged-view",,,1,1,,0,-,-,-,1,0,,,,0,0,,,,,,,,,,,,,,,,,,,,,,,,,,,,,,,,,,,2026-06-20,2026-06-20,Sales,Conversions,AUCTION,2026-06-19,Ongoing,,ABSOLUTE_OCPM,120247277508980335,2,"Using campaign budget",,810,Daily,120247276897740335,"New Sales Ad Set",120247276897760335,"healthy D recipes",INR,"Join 2,847+ Indian families eating healthier. 7-Day Guarantee.Rated 4.9/5 by 14,200+ healthy home cooks.Get 100+ Low-GI Indian Recipes at 80% OFF (Instant Download)","100+ Clinically Reviewed Low-GI Indian Recipes 📚",https://diabitic-food-recipe.vercel.app/,LEARN_MORE,383302feeef1203cf124fb58704edc5a,ad_trust_woman_1781771926884_pro.jpg_105_105,1,,
"healthy D recipes","New Sales Ad Set",2,2,18-24,male,OUTCOME_SALES,2026-06-20,"Join 2,847+ Indian families eating healthier. 7-Day Guarantee.Rated 4.9/5 by 14,200+ healthy home cooks.Get 100+ Low-GI Indian Recipes at 80% OFF (Instant Download)",active,ad,"7-day click, 1-day view, or 1-day engaged-view",,,8,1,,0.02,-,-,-,8,2.5,,,,0,0,,,,,,,,,,,,,,,,,,,,,,,,,,,,,,,,,,,2026-06-20,2026-06-20,Sales,Conversions,AUCTION,2026-06-19,Ongoing,,ABSOLUTE_OCPM,120247277508980335,2,"Using campaign budget",,810,Daily,120247276897740335,"New Sales Ad Set",120247276897760335,"healthy D recipes",INR,"Join 2,847+ Indian families eating healthier. 7-Day Guarantee.Rated 4.9/5 by 14,200+ healthy home cooks.Get 100+ Low-GI Indian Recipes at 80% OFF (Instant Download)","100+ Clinically Reviewed Low-GI Indian Recipes 📚",https://diabitic-food-recipe.vercel.app/,LEARN_MORE,383302feeef1203cf124fb58704edc5a,ad_trust_woman_1781771926884_pro.jpg_105_105,1,,
"healthy D recipes","New Sales Ad Set",2,2,45-54,female,OUTCOME_SALES,2026-06-20,"Join 2,847+ Indian families eating healthier. 7-Day Guarantee.Rated 4.9/5 by 14,200+ healthy home cooks.Get 100+ Low-GI Indian Recipes at 80% OFF (Instant Download)",active,ad,"7-day click, 1-day view, or 1-day engaged-view",,,1,1,,1.46,-,-,-,1,1460,,,,0,0,,,,,,,,,,,,,,,,,,,,,,,,,,,,,,,,,,,2026-06-20,2026-06-20,Sales,Conversions,AUCTION,2026-06-19,Ongoing,,ABSOLUTE_OCPM,120247277508980335,2,"Using campaign budget",,810,Daily,120247276897740335,"New Sales Ad Set",120247276897760335,"healthy D recipes",INR,"Join 2,847+ Indian families eating healthier. 7-Day Guarantee.Rated 4.9/5 by 14,200+ healthy home cooks.Get 100+ Low-GI Indian Recipes at 80% OFF (Instant Download)","100+ Clinically Reviewed Low-GI Indian Recipes 📚",https://diabitic-food-recipe.vercel.app/,LEARN_MORE,383302feeef1203cf124fb58704edc5a,ad_trust_woman_1781771926884_pro.jpg_105_105,1,,
"healthy D recipes","New Sales Ad Set",2,2,25-34,female,OUTCOME_SALES,2026-06-20,"Join 2,847+ Indian families eating healthier. 7-Day Guarantee.Rated 4.9/5 by 14,200+ healthy home cooks.Get 100+ Low-GI Indian Recipes at 80% OFF (Instant Download)",active,ad,"7-day click, 1-day view, or 1-day engaged-view",,,3,1,,0.02,-,-,-,3,6.66666667,,,,0,0,,,,,,,,,,,,,,,,,,,,,,,,,,,,,,,,,,,2026-06-20,2026-06-20,Sales,Conversions,AUCTION,2026-06-19,Ongoing,,ABSOLUTE_OCPM,120247277508980335,2,"Using campaign budget",,810,Daily,120247276897740335,"New Sales Ad Set",120247276897760335,"healthy D recipes",INR,"Join 2,847+ Indian families eating healthier. 7-Day Guarantee.Rated 4.9/5 by 14,200+ healthy home cooks.Get 100+ Low-GI Indian Recipes at 80% OFF (Instant Download)","100+ Clinically Reviewed Low-GI Indian Recipes 📚",https://diabitic-food-recipe.vercel.app/,LEARN_MORE,383302feeef1203cf124fb58704edc5a,ad_trust_woman_1781771926884_pro.jpg_105_105,1,,
"healthy D recipes","New Sales Ad Set",9,9,55-64,female,OUTCOME_SALES,2026-06-20,"Join 2,847+ Indian families eating healthier. 7-Day Guarantee.Rated 4.9/5 by 14,200+ healthy home cooks.Get 100+ Low-GI Indian Recipes at 80% OFF (Instant Download)",inactive,ad,"7-day click, 1-day view, or 1-day engaged-view",,,2,1.5,,1.29,-,-,-,3,430,,,,0,0,,,,,,,,,,,,,,,,,,,,,,,,,,,,,,,,,,,2026-06-20,2026-06-20,Sales,Conversions,AUCTION,2026-06-19,Ongoing,,ABSOLUTE_OCPM,120247278208920335,9,"Using campaign budget",,810,Daily,120247276897740335,"New Sales Ad Set",120247276897760335,"healthy D recipes",INR,"Join 2,847+ Indian families eating healthier. 7-Day Guarantee.Rated 4.9/5 by 14,200+ healthy home cooks.Get 100+ Low-GI Indian Recipes at 80% OFF (Instant Download)","100+ Clinically Reviewed Low-GI Indian Recipes 📚",https://diabitic-food-recipe.vercel.app/,LEARN_MORE,04e4dd2a8e17734f2264da49a012c17c,700971189_1338611944796522_8021727401609862275_n.jpg_105_105,1,,
"healthy D recipes","New Sales Ad Set",9,9,25-34,male,OUTCOME_SALES,2026-06-20,"Join 2,847+ Indian families eating healthier. 7-Day Guarantee.Rated 4.9/5 by 14,200+ healthy home cooks.Get 100+ Low-GI Indian Recipes at 80% OFF (Instant Download)",inactive,ad,"7-day click, 1-day view, or 1-day engaged-view",,,3,1,,0.06,-,-,-,3,20,,,,0,0,,,,,,,,,,,,,,,,,,,,,,,,,,,,,,,,,,,2026-06-20,2026-06-20,Sales,Conversions,AUCTION,2026-06-19,Ongoing,,ABSOLUTE_OCPM,120247278208920335,9,"Using campaign budget",,810,Daily,120247276897740335,"New Sales Ad Set",120247276897760335,"healthy D recipes",INR,"Join 2,847+ Indian families eating healthier. 7-Day Guarantee.Rated 4.9/5 by 14,200+ healthy home cooks.Get 100+ Low-GI Indian Recipes at 80% OFF (Instant Download)","100+ Clinically Reviewed Low-GI Indian Recipes 📚",https://diabitic-food-recipe.vercel.app/,LEARN_MORE,04e4dd2a8e17734f2264da49a012c17c,700971189_1338611944796522_8021727401609862275_n.jpg_105_105,1,,
"healthy D recipes","New Sales Ad Set",9,9,35-44,male,OUTCOME_SALES,2026-06-20,"Join 2,847+ Indian families eating healthier. 7-Day Guarantee.Rated 4.9/5 by 14,200+ healthy home cooks.Get 100+ Low-GI Indian Recipes at 80% OFF (Instant Download)",inactive,ad,"7-day click, 1-day view, or 1-day engaged-view",,,2,1,,0.19,-,-,-,2,95,,,,0,0,,,,,,,,,,,,,,,,,,,,,,,,,,,,,,,,,,,2026-06-20,2026-06-20,Sales,Conversions,AUCTION,2026-06-19,Ongoing,,ABSOLUTE_OCPM,120247278208920335,9,"Using campaign budget",,810,Daily,120247276897740335,"New Sales Ad Set",120247276897760335,"healthy D recipes",INR,"Join 2,847+ Indian families eating healthier. 7-Day Guarantee.Rated 4.9/5 by 14,200+ healthy home cooks.Get 100+ Low-GI Indian Recipes at 80% OFF (Instant Download)","100+ Clinically Reviewed Low-GI Indian Recipes 📚",https://diabitic-food-recipe.vercel.app/,LEARN_MORE,04e4dd2a8e17734f2264da49a012c17c,700971189_1338611944796522_8021727401609862275_n.jpg_105_105,1,,
"healthy D recipes","New Sales Ad Set",9,9,18-24,male,OUTCOME_SALES,2026-06-20,"Join 2,847+ Indian families eating healthier. 7-Day Guarantee.Rated 4.9/5 by 14,200+ healthy home cooks.Get 100+ Low-GI Indian Recipes at 80% OFF (Instant Download)",inactive,ad,"7-day click, 1-day view, or 1-day engaged-view",,,8,1,,0.07,-,-,-,8,8.75,,,,0,0,,,,,,,,,,,,,,,,,,,,,,,,,,,,,,,,,,,2026-06-20,2026-06-20,Sales,Conversions,AUCTION,2026-06-19,Ongoing,,ABSOLUTE_OCPM,120247278208920335,9,"Using campaign budget",,810,Daily,120247276897740335,"New Sales Ad Set",120247276897760335,"healthy D recipes",INR,"Join 2,847+ Indian families eating healthier. 7-Day Guarantee.Rated 4.9/5 by 14,200+ healthy home cooks.Get 100+ Low-GI Indian Recipes at 80% OFF (Instant Download)","100+ Clinically Reviewed Low-GI Indian Recipes 📚",https://diabitic-food-recipe.vercel.app/,LEARN_MORE,04e4dd2a8e17734f2264da49a012c17c,700971189_1338611944796522_8021727401609862275_n.jpg_105_105,1,,
"healthy D recipes","New Sales Ad Set",9,9,45-54,female,OUTCOME_SALES,2026-06-20,"Join 2,847+ Indian families eating healthier. 7-Day Guarantee.Rated 4.9/5 by 14,200+ healthy home cooks.Get 100+ Low-GI Indian Recipes at 80% OFF (Instant Download)",inactive,ad,"7-day click, 1-day view, or 1-day engaged-view",,,5,1,,6.13,-,-,-,5,1226,,,,0,0,,,,,,,,,,,,,,,,,,,,,,,,,,,,,,,,,,,2026-06-20,2026-06-20,Sales,Conversions,AUCTION,2026-06-19,Ongoing,,ABSOLUTE_OCPM,120247278208920335,9,"Using campaign budget",,810,Daily,120247276897740335,"New Sales Ad Set",120247276897760335,"healthy D recipes",INR,"Join 2,847+ Indian families eating healthier. 7-Day Guarantee.Rated 4.9/5 by 14,200+ healthy home cooks.Get 100+ Low-GI Indian Recipes at 80% OFF (Instant Download)","100+ Clinically Reviewed Low-GI Indian Recipes 📚",https://diabitic-food-recipe.vercel.app/,LEARN_MORE,04e4dd2a8e17734f2264da49a012c17c,700971189_1338611944796522_8021727401609862275_n.jpg_105_105,1,,
"healthy D recipes","New Sales Ad Set",9,9,18-24,female,OUTCOME_SALES,2026-06-20,"Join 2,847+ Indian families eating healthier. 7-Day Guarantee.Rated 4.9/5 by 14,200+ healthy home cooks.Get 100+ Low-GI Indian Recipes at 80% OFF (Instant Download)",inactive,ad,"7-day click, 1-day view, or 1-day engaged-view",,,2,1,,0,-,-,-,2,0,,,,0,0,,,,,,,,,,,,,,,,,,,,,,,,,,,,,,,,,,,2026-06-20,2026-06-20,Sales,Conversions,AUCTION,2026-06-19,Ongoing,,ABSOLUTE_OCPM,120247278208920335,9,"Using campaign budget",,810,Daily,120247276897740335,"New Sales Ad Set",120247276897760335,"healthy D recipes",INR,"Join 2,847+ Indian families eating healthier. 7-Day Guarantee.Rated 4.9/5 by 14,200+ healthy home cooks.Get 100+ Low-GI Indian Recipes at 80% OFF (Instant Download)","100+ Clinically Reviewed Low-GI Indian Recipes 📚",https://diabitic-food-recipe.vercel.app/,LEARN_MORE,04e4dd2a8e17734f2264da49a012c17c,700971189_1338611944796522_8021727401609862275_n.jpg_105_105,1,,
"healthy D recipes","New Sales Ad Set",9,9,25-34,female,OUTCOME_SALES,2026-06-20,"Join 2,847+ Indian families eating healthier. 7-Day Guarantee.Rated 4.9/5 by 14,200+ healthy home cooks.Get 100+ Low-GI Indian Recipes at 80% OFF (Instant Download)",inactive,ad,"7-day click, 1-day view, or 1-day engaged-view",,,3,1,,1.9,-,-,-,3,633.33333333,,,,0,0,,,,,,,,,,,,,,,,,,,,,,,,,,,,,,,,,,,2026-06-20,2026-06-20,Sales,Conversions,AUCTION,2026-06-19,Ongoing,,ABSOLUTE_OCPM,120247278208920335,9,"Using campaign budget",,810,Daily,120247276897740335,"New Sales Ad Set",120247276897760335,"healthy D recipes",INR,"Join 2,847+ Indian families eating healthier. 7-Day Guarantee.Rated 4.9/5 by 14,200+ healthy home cooks.Get 100+ Low-GI Indian Recipes at 80% OFF (Instant Download)","100+ Clinically Reviewed Low-GI Indian Recipes 📚",https://diabitic-food-recipe.vercel.app/,LEARN_MORE,04e4dd2a8e17734f2264da49a012c17c,700971189_1338611944796522_8021727401609862275_n.jpg_105_105,1,,
"healthy D recipes","New Sales Ad Set",9,9,45-54,male,OUTCOME_SALES,2026-06-20,"Join 2,847+ Indian families eating healthier. 7-Day Guarantee.Rated 4.9/5 by 14,200+ healthy home cooks.Get 100+ Low-GI Indian Recipes at 80% OFF (Instant Download)",inactive,ad,"7-day click, 1-day view, or 1-day engaged-view",,,1,1,,0,-,-,-,1,0,,,,0,0,,,,,,,,,,,,,,,,,,,,,,,,,,,,,,,,,,,2026-06-20,2026-06-20,Sales,Conversions,AUCTION,2026-06-19,Ongoing,,ABSOLUTE_OCPM,120247278208920335,9,"Using campaign budget",,810,Daily,120247276897740335,"New Sales Ad Set",120247276897760335,"healthy D recipes",INR,"Join 2,847+ Indian families eating healthier. 7-Day Guarantee.Rated 4.9/5 by 14,200+ healthy home cooks.Get 100+ Low-GI Indian Recipes at 80% OFF (Instant Download)","100+ Clinically Reviewed Low-GI Indian Recipes 📚",https://diabitic-food-recipe.vercel.app/,LEARN_MORE,04e4dd2a8e17734f2264da49a012c17c,700971189_1338611944796522_8021727401609862275_n.jpg_105_105,1,,
"healthy D recipes","New Sales Ad Set",9,9,55-64,male,OUTCOME_SALES,2026-06-20,"Join 2,847+ Indian families eating healthier. 7-Day Guarantee.Rated 4.9/5 by 14,200+ healthy home cooks.Get 100+ Low-GI Indian Recipes at 80% OFF (Instant Download)",inactive,ad,"7-day click, 1-day view, or 1-day engaged-view",,,1,1,,0.07,-,-,-,1,70,,,,0,0,,,,,,,,,,,,,,,,,,,,,,,,,,,,,,,,,,,2026-06-20,2026-06-20,Sales,Conversions,AUCTION,2026-06-19,Ongoing,,ABSOLUTE_OCPM,120247278208920335,9,"Using campaign budget",,810,Daily,120247276897740335,"New Sales Ad Set",120247276897760335,"healthy D recipes",INR,"Join 2,847+ Indian families eating healthier. 7-Day Guarantee.Rated 4.9/5 by 14,200+ healthy home cooks.Get 100+ Low-GI Indian Recipes at 80% OFF (Instant Download)","100+ Clinically Reviewed Low-GI Indian Recipes 📚",https://diabitic-food-recipe.vercel.app/,LEARN_MORE,04e4dd2a8e17734f2264da49a012c17c,700971189_1338611944796522_8021727401609862275_n.jpg_105_105,1,,
"healthy D recipes","New Sales Ad Set",7,7,18-24,male,OUTCOME_SALES,2026-06-20,"Join 2,847+ Indian families eating healthier. 7-Day Guarantee.Rated 4.9/5 by 14,200+ healthy home cooks.Get 100+ Low-GI Indian Recipes at 80% OFF (Instant Download)",active,ad,"7-day click, 1-day view, or 1-day engaged-view",,,1,1,,0.01,-,-,-,1,10,,,,0,0,,,,,,,,,,,,,,,,,,,,,,,,,,,,,,,,,,,2026-06-20,2026-06-20,Sales,Conversions,AUCTION,2026-06-19,Ongoing,,ABSOLUTE_OCPM,120247278131720335,7,"Using campaign budget",,810,Daily,120247276897740335,"New Sales Ad Set",120247276897760335,"healthy D recipes",INR,"Join 2,847+ Indian families eating healthier. 7-Day Guarantee.Rated 4.9/5 by 14,200+ healthy home cooks.Get 100+ Low-GI Indian Recipes at 80% OFF (Instant Download)","100+ Clinically Reviewed Low-GI Indian Recipes 📚",https://diabitic-food-recipe.vercel.app/,LEARN_MORE,cc1f99178902ec85f34b1a3bb9233c8f,679665943_1318595233534060_9039814639623822203_n.jpg,1,,
"healthy D recipes","New Sales Ad Set",7,7,55-64,male,OUTCOME_SALES,2026-06-20,"Join 2,847+ Indian families eating healthier. 7-Day Guarantee.Rated 4.9/5 by 14,200+ healthy home cooks.Get 100+ Low-GI Indian Recipes at 80% OFF (Instant Download)",active,ad,"7-day click, 1-day view, or 1-day engaged-view",,,2,1,,0.02,-,-,-,2,10,,,,0,0,,,,,,,,,,,,,,,,,,,,,,,,,,,,,,,,,,,2026-06-20,2026-06-20,Sales,Conversions,AUCTION,2026-06-19,Ongoing,,ABSOLUTE_OCPM,120247278131720335,7,"Using campaign budget",,810,Daily,120247276897740335,"New Sales Ad Set",120247276897760335,"healthy D recipes",INR,"Join 2,847+ Indian families eating healthier. 7-Day Guarantee.Rated 4.9/5 by 14,200+ healthy home cooks.Get 100+ Low-GI Indian Recipes at 80% OFF (Instant Download)","100+ Clinically Reviewed Low-GI Indian Recipes 📚",https://diabitic-food-recipe.vercel.app/,LEARN_MORE,cc1f99178902ec85f34b1a3bb9233c8f,679665943_1318595233534060_9039814639623822203_n.jpg,1,,
"healthy D recipes","New Sales Ad Set",7,7,25-34,male,OUTCOME_SALES,2026-06-20,"Join 2,847+ Indian families eating healthier. 7-Day Guarantee.Rated 4.9/5 by 14,200+ healthy home cooks.Get 100+ Low-GI Indian Recipes at 80% OFF (Instant Download)",active,ad,"7-day click, 1-day view, or 1-day engaged-view",,,1,1,,0,-,-,-,1,0,,,,0,0,,,,,,,,,,,,,,,,,,,,,,,,,,,,,,,,,,,2026-06-20,2026-06-20,Sales,Conversions,AUCTION,2026-06-19,Ongoing,,ABSOLUTE_OCPM,120247278131720335,7,"Using campaign budget",,810,Daily,120247276897740335,"New Sales Ad Set",120247276897760335,"healthy D recipes",INR,"Join 2,847+ Indian families eating healthier. 7-Day Guarantee.Rated 4.9/5 by 14,200+ healthy home cooks.Get 100+ Low-GI Indian Recipes at 80% OFF (Instant Download)","100+ Clinically Reviewed Low-GI Indian Recipes 📚",https://diabitic-food-recipe.vercel.app/,LEARN_MORE,cc1f99178902ec85f34b1a3bb9233c8f,679665943_1318595233534060_9039814639623822203_n.jpg,1,,
"healthy D recipes","New Sales Ad Set",7,7,55-64,female,OUTCOME_SALES,2026-06-20,"Join 2,847+ Indian families eating healthier. 7-Day Guarantee.Rated 4.9/5 by 14,200+ healthy home cooks.Get 100+ Low-GI Indian Recipes at 80% OFF (Instant Download)",active,ad,"7-day click, 1-day view, or 1-day engaged-view",,,1,1,,0.13,-,-,-,1,130,,,,0,0,,,,,,,,,,,,,,,,,,,,,,,,,,,,,,,,,,,2026-06-20,2026-06-20,Sales,Conversions,AUCTION,2026-06-19,Ongoing,,ABSOLUTE_OCPM,120247278131720335,7,"Using campaign budget",,810,Daily,120247276897740335,"New Sales Ad Set",120247276897760335,"healthy D recipes",INR,"Join 2,847+ Indian families eating healthier. 7-Day Guarantee.Rated 4.9/5 by 14,200+ healthy home cooks.Get 100+ Low-GI Indian Recipes at 80% OFF (Instant Download)","100+ Clinically Reviewed Low-GI Indian Recipes 📚",https://diabitic-food-recipe.vercel.app/,LEARN_MORE,cc1f99178902ec85f34b1a3bb9233c8f,679665943_1318595233534060_9039814639623822203_n.jpg,1,,
"healthy D recipes","New Sales Ad Set",7,7,35-44,male,OUTCOME_SALES,2026-06-20,"Join 2,847+ Indian families eating healthier. 7-Day Guarantee.Rated 4.9/5 by 14,200+ healthy home cooks.Get 100+ Low-GI Indian Recipes at 80% OFF (Instant Download)",active,ad,"7-day click, 1-day view, or 1-day engaged-view",,,1,1,,0.38,-,-,-,1,380,,,,0,0,,,,,,,,,,,,,,,,,,,,,,,,,,,,,,,,,,,2026-06-20,2026-06-20,Sales,Conversions,AUCTION,2026-06-19,Ongoing,,ABSOLUTE_OCPM,120247278131720335,7,"Using campaign budget",,810,Daily,120247276897740335,"New Sales Ad Set",120247276897760335,"healthy D recipes",INR,"Join 2,847+ Indian families eating healthier. 7-Day Guarantee.Rated 4.9/5 by 14,200+ healthy home cooks.Get 100+ Low-GI Indian Recipes at 80% OFF (Instant Download)","100+ Clinically Reviewed Low-GI Indian Recipes 📚",https://diabitic-food-recipe.vercel.app/,LEARN_MORE,cc1f99178902ec85f34b1a3bb9233c8f,679665943_1318595233534060_9039814639623822203_n.jpg,1,,
"healthy D recipes","New Sales Ad Set",8,8,65+,female,OUTCOME_SALES,2026-06-19,"Join 2,847+ Indian families eating healthier. 7-Day Guarantee.Rated 4.9/5 by 14,200+ healthy home cooks.Get 100+ Low-GI Indian Recipes at 80% OFF (Instant Download)",active,ad,"7-day click, 1-day view, or 1-day engaged-view",,,1,1,,2.02,-,-,-,1,2020,1,2.02,100,2,200,1.01,,,,,,,,,,,,,,,,,,,,,,,,,,,,,,,,,,2026-06-19,2026-06-19,Sales,Conversions,AUCTION,2026-06-19,Ongoing,,ABSOLUTE_OCPM,120247278162920335,8,"Using campaign budget",,810,Daily,120247276897740335,"New Sales Ad Set",120247276897760335,"healthy D recipes",INR,"Join 2,847+ Indian families eating healthier. 7-Day Guarantee.Rated 4.9/5 by 14,200+ healthy home cooks.Get 100+ Low-GI Indian Recipes at 80% OFF (Instant Download)","100+ Clinically Reviewed Low-GI Indian Recipes 📚",https://diabitic-food-recipe.vercel.app/,LEARN_MORE,7fb56a66d26daf5f5319d432f85b0d3e,715465146_2147447319445005_4414003214102813962_n.jpg_105_105,1,,
"healthy D recipes","New Sales Ad Set",4,4,55-64,male,OUTCOME_SALES,2026-06-19,"Join 2,847+ Indian families eating healthier. 7-Day Guarantee.Rated 4.9/5 by 14,200+ healthy home cooks.Get 100+ Low-GI Indian Recipes at 80% OFF (Instant Download)",active,ad,"7-day click, 1-day view, or 1-day engaged-view",,,1,1,,0.66,-,-,-,1,660,,,,0,0,,,,,,,,,,,,,,,,,,,,,,,,,,,,,,,,,,,2026-06-19,2026-06-19,Sales,Conversions,AUCTION,2026-06-19,Ongoing,,ABSOLUTE_OCPM,120247277679480335,4,"Using campaign budget",,810,Daily,120247276897740335,"New Sales Ad Set",120247276897760335,"healthy D recipes",INR,"Join 2,847+ Indian families eating healthier. 7-Day Guarantee.Rated 4.9/5 by 14,200+ healthy home cooks.Get 100+ Low-GI Indian Recipes at 80% OFF (Instant Download)","100+ Clinically Reviewed Low-GI Indian Recipes 📚",https://diabitic-food-recipe.vercel.app/,LEARN_MORE,3550162ac480cf934e2af8c073841097,ad_thali_premium_1781771853282_pro.jpg_105,1,,
"healthy D recipes","New Sales Ad Set",8,8,65+,male,OUTCOME_SALES,2026-06-19,"Join 2,847+ Indian families eating healthier. 7-Day Guarantee.Rated 4.9/5 by 14,200+ healthy home cooks.Get 100+ Low-GI Indian Recipes at 80% OFF (Instant Download)",active,ad,"7-day click, 1-day view, or 1-day engaged-view",,,1,1,,1.35,-,-,-,1,1350,,,,0,0,,,,,,,,,,,,,,,,,,,,,,,,,,,,,,,,,,,2026-06-19,2026-06-19,Sales,Conversions,AUCTION,2026-06-19,Ongoing,,ABSOLUTE_OCPM,120247278162920335,8,"Using campaign budget",,810,Daily,120247276897740335,"New Sales Ad Set",120247276897760335,"healthy D recipes",INR,"Join 2,847+ Indian families eating healthier. 7-Day Guarantee.Rated 4.9/5 by 14,200+ healthy home cooks.Get 100+ Low-GI Indian Recipes at 80% OFF (Instant Download)","100+ Clinically Reviewed Low-GI Indian Recipes 📚",https://diabitic-food-recipe.vercel.app/,LEARN_MORE,7fb56a66d26daf5f5319d432f85b0d3e,715465146_2147447319445005_4414003214102813962_n.jpg_105_105,1,,
"healthy D recipes","New Sales Ad Set",6,6,25-34,male,OUTCOME_SALES,2026-06-19,"Join 2,847+ Indian families eating healthier. 7-Day Guarantee.Rated 4.9/5 by 14,200+ healthy home cooks.Get 100+ Low-GI Indian Recipes at 80% OFF (Instant Download)",active,ad,"7-day click, 1-day view, or 1-day engaged-view",,,1,1,,0.49,-,-,-,1,490,,,,0,0,,,,,,,,,,,,,,,,,,,,,,,,,,,,,,,,,,,2026-06-19,2026-06-19,Sales,Conversions,AUCTION,2026-06-19,Ongoing,,ABSOLUTE_OCPM,120247278020580335,6,"Using campaign budget",,810,Daily,120247276897740335,"New Sales Ad Set",120247276897760335,"healthy D recipes",INR,"Join 2,847+ Indian families eating healthier. 7-Day Guarantee.Rated 4.9/5 by 14,200+ healthy home cooks.Get 100+ Low-GI Indian Recipes at 80% OFF (Instant Download)","100+ Clinically Reviewed Low-GI Indian Recipes 📚",https://diabitic-food-recipe.vercel.app/,LEARN_MORE,baffa04e41128188b6c99b8b59976bc9,ad_sweet_guiltfree_1781771893831_pro.jpg_105,1,,
"healthy D recipes","New Sales Ad Set",8,8,55-64,female,OUTCOME_SALES,2026-06-19,"Join 2,847+ Indian families eating healthier. 7-Day Guarantee.Rated 4.9/5 by 14,200+ healthy home cooks.Get 100+ Low-GI Indian Recipes at 80% OFF (Instant Download)",active,ad,"7-day click, 1-day view, or 1-day engaged-view",,,2,1,,0.2,-,-,-,2,100,1,0.2,50,1,50,0.2,,,,,,,,,,,,,,,,,,,,,,,,,,,,,,,,,,2026-06-19,2026-06-19,Sales,Conversions,AUCTION,2026-06-19,Ongoing,,ABSOLUTE_OCPM,120247278162920335,8,"Using campaign budget",,810,Daily,120247276897740335,"New Sales Ad Set",120247276897760335,"healthy D recipes",INR,"Join 2,847+ Indian families eating healthier. 7-Day Guarantee.Rated 4.9/5 by 14,200+ healthy home cooks.Get 100+ Low-GI Indian Recipes at 80% OFF (Instant Download)","100+ Clinically Reviewed Low-GI Indian Recipes 📚",https://diabitic-food-recipe.vercel.app/,LEARN_MORE,7fb56a66d26daf5f5319d432f85b0d3e,715465146_2147447319445005_4414003214102813962_n.jpg_105_105,1,,
"healthy D recipes","New Sales Ad Set",9,9,65+,female,OUTCOME_SALES,2026-06-19,"Join 2,847+ Indian families eating healthier. 7-Day Guarantee.Rated 4.9/5 by 14,200+ healthy home cooks.Get 100+ Low-GI Indian Recipes at 80% OFF (Instant Download)",inactive,ad,"7-day click, 1-day view, or 1-day engaged-view",,,1,1,,0.04,-,-,-,1,40,,,,0,0,,,,,,,,,,,,,,,,,,,,,,,,,,,,,,,,,,,2026-06-19,2026-06-19,Sales,Conversions,AUCTION,2026-06-19,Ongoing,,ABSOLUTE_OCPM,120247278208920335,9,"Using campaign budget",,810,Daily,120247276897740335,"New Sales Ad Set",120247276897760335,"healthy D recipes",INR,"Join 2,847+ Indian families eating healthier. 7-Day Guarantee.Rated 4.9/5 by 14,200+ healthy home cooks.Get 100+ Low-GI Indian Recipes at 80% OFF (Instant Download)","100+ Clinically Reviewed Low-GI Indian Recipes 📚",https://diabitic-food-recipe.vercel.app/,LEARN_MORE,04e4dd2a8e17734f2264da49a012c17c,700971189_1338611944796522_8021727401609862275_n.jpg_105_105,1,,
"healthy D recipes","New Sales Ad Set",2,2,18-24,male,OUTCOME_SALES,2026-06-19,"Join 2,847+ Indian families eating healthier. 7-Day Guarantee.Rated 4.9/5 by 14,200+ healthy home cooks.Get 100+ Low-GI Indian Recipes at 80% OFF (Instant Download)",active,ad,"7-day click, 1-day view, or 1-day engaged-view",,,1,1,,0,-,-,-,1,0,,,,0,0,,,,,,,,,,,,,,,,,,,,,,,,,,,,,,,,,,,2026-06-19,2026-06-19,Sales,Conversions,AUCTION,2026-06-19,Ongoing,,ABSOLUTE_OCPM,120247277508980335,2,"Using campaign budget",,810,Daily,120247276897740335,"New Sales Ad Set",120247276897760335,"healthy D recipes",INR,"Join 2,847+ Indian families eating healthier. 7-Day Guarantee.Rated 4.9/5 by 14,200+ healthy home cooks.Get 100+ Low-GI Indian Recipes at 80% OFF (Instant Download)","100+ Clinically Reviewed Low-GI Indian Recipes 📚",https://diabitic-food-recipe.vercel.app/,LEARN_MORE,383302feeef1203cf124fb58704edc5a,ad_trust_woman_1781771926884_pro.jpg_105_105,1,,
"healthy D recipes","New Sales Ad Set",6,6,35-44,male,OUTCOME_SALES,2026-06-19,"Join 2,847+ Indian families eating healthier. 7-Day Guarantee.Rated 4.9/5 by 14,200+ healthy home cooks.Get 100+ Low-GI Indian Recipes at 80% OFF (Instant Download)",active,ad,"7-day click, 1-day view, or 1-day engaged-view",,,1,1,,0.16,-,-,-,1,160,,,,0,0,,,,,,,,,,,,,,,,,,,,,,,,,,,,,,,,,,,2026-06-19,2026-06-19,Sales,Conversions,AUCTION,2026-06-19,Ongoing,,ABSOLUTE_OCPM,120247278020580335,6,"Using campaign budget",,810,Daily,120247276897740335,"New Sales Ad Set",120247276897760335,"healthy D recipes",INR,"Join 2,847+ Indian families eating healthier. 7-Day Guarantee.Rated 4.9/5 by 14,200+ healthy home cooks.Get 100+ Low-GI Indian Recipes at 80% OFF (Instant Download)","100+ Clinically Reviewed Low-GI Indian Recipes 📚",https://diabitic-food-recipe.vercel.app/,LEARN_MORE,baffa04e41128188b6c99b8b59976bc9,ad_sweet_guiltfree_1781771893831_pro.jpg_105,1,,
